"houseid","transaction","address","land_area","date","state","use","building_area","room","hall","bath","management","total_price","unit_price","balcony_area","only_4th_floor","with_1st_floor"
"HOUSE_001","房地(土地+建物)","新北市永和區雙和街１７巷１８號三樓",43.26,1100902,"公寓(5樓含以下無電梯)","住家用",148.76,4,2,2,0,22000000,147889,16.7,0,0
"HOUSE_002","房地(土地+建物)","新北市中和區連城路１３９巷５４號二樓",41.18,1100906,"公寓(5樓含以下無電梯)","住家用",77.4,3,1,1,0,7400000,95607,0,0,0
"HOUSE_003","房地(土地+建物)","新北市中和區秀朗路三段７８巷２弄３號三樓",46.46,1100903,"公寓(5樓含以下無電梯)","住家用",117.58,4,2,1,0,10800000,91852,0,0,0
"HOUSE_004","房地(土地+建物)","新北市永和區中正路２８３巷７０弄５號",26.47,1100907,"公寓(5樓含以下無電梯)","住家用",91.47,3,2,2,0,14000000,153056,14.98,0,1
"HOUSE_005","房地(土地+建物)","新北市永和區永平路２１８巷１１號三樓",24.02,1100904,"華廈(10層含以下有電梯)","住家用",140.81,4,2,2,1,19200000,136354,12.95,0,0
"HOUSE_006","房地(土地+建物)","新北市中和區保健路１０巷１弄１０號二樓",18.48,1100902,"公寓(5樓含以下無電梯)","住家用",53.63,3,2,1,0,6700000,124930,8.33,0,0
"HOUSE_007","房地(土地+建物)","新北市中和區忠孝街１０４號四樓",26.8,1100901,"公寓(5樓含以下無電梯)","住家用",115.02,5,0,5,0,11750000,102156,8.89,1,0
"HOUSE_008","房地(土地+建物)","新北市中和區圓通路３６９巷６號四樓",25.37,1100905,"公寓(5樓含以下無電梯)","住家用",112.49,3,2,2,0,9700000,86230,11.89,1,0
"HOUSE_009","房地(土地+建物)","新北市中和區景平路２７８巷１６弄３２號三樓",30.08,1100901,"公寓(5樓含以下無電梯)","住家用",90.24,3,2,1,0,10600000,117465,0,0,0
"HOUSE_010","房地(土地+建物)","新北市永和區中山路一段２６號四樓之二",2.42,1100911,"住宅大樓(11層含以上有電梯)","商業用",29.42,1,1,1,1,2200000,74779,2.81,1,0
"HOUSE_011","房地(土地+建物)","新北市中和區景平路２９５號二樓",14.23,1100905,"住宅大樓(11層含以上有電梯)","住家用",114.39,2,2,2,1,15300000,133753,11.47,0,0
"HOUSE_012","房地(土地+建物)","新北市中和區景平路７１之７號十八樓之一",2.92,1100904,"住宅大樓(11層含以上有電梯)","住家用",35.75,1,1,1,1,6400000,179021,0,0,0
"HOUSE_013","房地(土地+建物)","新北市中和區景新街３９９巷１０弄２號五樓",35.3,1100907,"公寓(5樓含以下無電梯)","住家用",116,3,2,2,0,12000000,103448,0,0,0
"HOUSE_014","房地(土地+建物)","新北市中和區員山路４６６巷１７弄１７號二樓",33.11,1100902,"華廈(10層含以下有電梯)","工商用",163.27,3,2,3,0,13300000,81460,16.63,0,0
"HOUSE_015","房地(土地+建物)","新北市永和區中山路一段１９號九樓",16.46,1100911,"華廈(10層含以下有電梯)","辦公用",130.19,0,0,0,1,24000000,184346,9.42,0,0
"HOUSE_016","房地(土地+建物)","新北市中和區忠孝街２６巷７號",29.38,1100909,"公寓(5樓含以下無電梯)","住家用",99.15,4,2,3,0,13500000,136157,0,0,1
"HOUSE_017","房地(土地+建物)","新北市中和區景平路２９３號十一樓",11.73,1100901,"住宅大樓(11層含以上有電梯)","住家用",93.88,2,2,2,1,12200000,129953,8.43,0,0
"HOUSE_018","房地(土地+建物)","新北市中和區中正路７３８號七樓之三",25.71,1100906,"住宅大樓(11層含以上有電梯)","工商用",246.84,0,0,0,1,27500000,111408,0,0,0
"HOUSE_019","房地(土地+建物)","新北市永和區民光街２０巷１０號四樓",30.93,1100904,"公寓(5樓含以下無電梯)","住家用",85.9,3,2,2,0,10660000,124098,15.14,1,0
"HOUSE_020","房地(土地+建物)","新北市永和區成功路一段７９號二樓",38.99,1100901,"公寓(5樓含以下無電梯)","住家用",90.96,3,2,1,0,11200000,123131,0,0,0
"HOUSE_021","房地(土地+建物)","新北市永和區永貞路４１７巷９號三樓",34.35,1100910,"公寓(5樓含以下無電梯)","住家用",126.68,4,2,2,0,17500000,138143,0,0,0
"HOUSE_022","房地(土地+建物)","新北市永和區得和路１０２號五樓之３",10.23,1100903,"住宅大樓(11層含以上有電梯)","住家用",96.01,2,2,1,1,18450000,192167,3.51,0,0
"HOUSE_023","房地(土地+建物)","新北市永和區得和路１０２號五樓之２",13.68,1100909,"住宅大樓(11層含以上有電梯)","住家用",127.75,3,2,2,1,25000000,195695,6.96,0,0
"HOUSE_024","房地(土地+建物)","新北市中和區宜安路３８號九樓之８",14.73,1100909,"住宅大樓(11層含以上有電梯)","住家用",100.16,2,1,2,1,17877000,178484,3.86,0,0
"HOUSE_025","房地(土地+建物)","新北市中和區南山路８１巷２８號",36.35,1100916,"公寓(5樓含以下無電梯)","住家用",119.61,3,2,1,0,17500000,146309,0,0,1
"HOUSE_026","房地(土地+建物)","新北市中和區華新街１３１號",16.52,1100910,"公寓(5樓含以下無電梯)","住家用",47.09,1,2,1,0,12000000,254831,0,0,1
"HOUSE_027","房地(土地+建物)","新北市中和區員山路６１１巷２弄１９號二樓",8.98,1100914,"公寓(5樓含以下無電梯)","住家用",38.5,1,2,1,0,4000000,103896,0,0,0
"HOUSE_028","房地(土地+建物)","新北市永和區信義路４３巷２３號",22.28,1100911,"公寓(5樓含以下無電梯)","住家用",74.32,3,2,1,0,12000000,161464,0,0,1
"HOUSE_029","房地(土地+建物)","新北市中和區民享街３０巷８弄２號四樓",25.92,1100918,"公寓(5樓含以下無電梯)","住家用",93.72,3,2,2,0,9370000,99979,0,1,0
"HOUSE_030","房地(土地+建物)","新北市永和區林森路６９號二樓",21.5,1100911,"華廈(10層含以下有電梯)","住家用",89.36,4,2,3,1,10000000,111907,0,0,0
"HOUSE_031","房地(土地+建物)","新北市永和區安樂路２４８之２號三樓",17.68,1100916,"住宅大樓(11層含以上有電梯)","住家用",123.36,4,2,2,1,23500000,190499,10.96,0,0
"HOUSE_032","房地(土地+建物)","新北市永和區光復街２巷１８號四樓",47,1100905,"公寓(5樓含以下無電梯)","住家用",107.86,5,2,2,0,12290000,113944,0,1,0
"HOUSE_033","房地(土地+建物)","新北市中和區員山路３９４巷１２弄１２號三樓",44.2,1100903,"公寓(5樓含以下無電梯)","住家用",106.92,3,2,2,0,11600000,108492,11.7,0,0
"HOUSE_034","房地(土地+建物)","新北市永和區保平路１１１巷５號二樓",4.64,1100924,"華廈(10層含以下有電梯)","住家用",34.55,0,0,0,0,5500000,159190,1.56,0,0
"HOUSE_035","房地(土地+建物)","新北市中和區景平路３５７號三樓",16.67,1100901,"公寓(5樓含以下無電梯)","住家用",72.7,2,2,1,0,10380000,142779,4.38,0,0
"HOUSE_036","房地(土地+建物)","新北市中和區員山路６１１巷２弄３４號五樓",6.14,1100914,"公寓(5樓含以下無電梯)","住家用",29.5,2,1,1,0,3220000,109153,0,0,0
"HOUSE_037","房地(土地+建物)","新北市永和區自由街６４號四樓之九",3.33,1100914,"住宅大樓(11層含以上有電梯)","商業用",32.68,1,1,1,1,5100000,156059,4.53,1,0
"HOUSE_038","房地(土地+建物)","新北市中和區景平路５２６號三樓",14.29,1100903,"公寓(5樓含以下無電梯)","住家用",51,2,1,2,1,8000000,156863,0,0,0
"HOUSE_039","房地(土地+建物)","新北市永和區忠孝街３４巷１２弄６號五樓",32.6,1100916,"公寓(5樓含以下無電梯)","住家用",111.13,4,1,4,0,14050000,126429,10.38,0,0
"HOUSE_040","房地(土地+建物)","新北市永和區豫溪街１８９巷８號八樓",7.74,1100901,"住宅大樓(11層含以上有電梯)","住家用",52.99,2,1,1,1,8700000,164182,4.44,0,0
"HOUSE_041","房地(土地+建物)","新北市中和區自強路１５巷１６號三樓",22.28,1100916,"公寓(5樓含以下無電梯)","住家用",88.55,3,2,2,0,10350000,116883,11.34,0,0
"HOUSE_042","房地(土地+建物)","新北市中和區景平路２３９巷３號三樓之二",4.61,1100925,"住宅大樓(11層含以上有電梯)","住家用",32.82,1,1,1,1,5350000,163010,3.41,0,0
"HOUSE_043","房地(土地+建物)","新北市中和區新生街１６巷３２號三樓",18.53,1100904,"公寓(5樓含以下無電梯)","住家用",82.61,3,2,1,0,9300000,112577,7.3,0,0
"HOUSE_044","房地(土地+建物)","新北市中和區員山路１０２巷６號二樓",30.35,1100922,"公寓(5樓含以下無電梯)","住家用",87.85,3,2,2,0,9500000,108139,8.67,0,0
"HOUSE_045","房地(土地+建物)","新北市中和區新生街１５６巷１號",23.98,1100922,"公寓(5樓含以下無電梯)","住家用",66.82,3,1,1,0,10500000,157139,0,0,1
"HOUSE_046","房地(土地+建物)","新北市永和區中正路５８８號六樓之六",3.32,1100909,"華廈(10層含以下有電梯)","住家用",35.13,1,1,1,1,5400000,153715,0,0,0
"HOUSE_047","房地(土地+建物)","新北市永和區得和路１０２號八樓之１",13.46,1100911,"住宅大樓(11層含以上有電梯)","住家用",125.93,3,2,2,1,25380000,201541,7.04,0,0
"HOUSE_048","房地(土地+建物)","新北市中和區國光街１１２巷２弄７號三樓",33.77,1100910,"公寓(5樓含以下無電梯)","住家用",110.57,3,2,1,0,10000000,90440,0,0,0
"HOUSE_049","房地(土地+建物)","新北市中和區景新街２９５巷１２號二樓",48.03,1100901,"公寓(5樓含以下無電梯)","住家用",105.78,4,1,2,0,11000000,103989,0,0,0
"HOUSE_050","房地(土地+建物)","新北市中和區景新街２７７巷１２號",48.03,1100901,"公寓(5樓含以下無電梯)","住家用",105.78,1,1,1,0,20000000,189072,0,0,1
"HOUSE_051","房地(土地+建物)","新北市中和區中山路三段３７巷８號三樓",12.12,1100915,"住宅大樓(11層含以上有電梯)","辦公用",123.41,3,2,2,1,15680000,127056,12.94,0,0
"HOUSE_052","房地(土地+建物)","新北市中和區圓通路３６９巷５弄１３號五樓",14.14,1100911,"公寓(5樓含以下無電梯)","住家用",46.99,3,1,2,0,4300000,91509,4.84,0,0
"HOUSE_053","房地(土地+建物)","新北市永和區仁愛路３０９號十四樓之三",7.72,1100907,"住宅大樓(11層含以上有電梯)","住家用",64.92,2,1,1,1,11000000,169413,7.04,0,0
"HOUSE_054","房地(土地+建物)","新北市中和區圓通路３９３巷５號二樓",23.47,1100912,"公寓(5樓含以下無電梯)","住家用",92.5,2,2,2,0,8680000,93838,18.72,0,0
"HOUSE_055","房地(土地+建物)","新北市永和區民樂街３３巷４號三樓",36.75,1100903,"公寓(5樓含以下無電梯)","住家用",99.54,3,2,1,0,11900000,119550,17.1,0,0
"HOUSE_056","房地(土地+建物)","新北市中和區宜安路７０號三樓",32.12,1100910,"公寓(5樓含以下無電梯)","商業用",87.32,4,4,4,0,10600000,121393,0,0,0
"HOUSE_057","房地(土地+建物)","新北市中和區連勝街５７巷２１號四樓",20.52,1100918,"華廈(10層含以下有電梯)","住家用",74.22,2,2,1,1,12500000,168418,7.88,1,0
"HOUSE_058","房地(土地+建物)","新北市中和區景平路４３３號五樓之十七",4.23,1100902,"住宅大樓(11層含以上有電梯)","住家用",30.93,1,1,1,1,5250000,169738,3.36,0,0
"HOUSE_059","房地(土地+建物)","新北市中和區華新街１６９巷５號二樓",21.55,1100905,"公寓(5樓含以下無電梯)","住家用",90.5,3,2,2,0,9050000,100000,13.6,0,0
"HOUSE_060","房地(土地+建物)","新北市中和區新生街１７１號五樓",21.25,1100920,"公寓(5樓含以下無電梯)","住家用",82.18,4,0,4,0,10800000,131419,0,0,0
"HOUSE_061","房地(土地+建物)","新北市永和區永平路３３２號七樓",6.5,1100914,"住宅大樓(11層含以上有電梯)","住家用",71.75,2,2,1,1,14100000,196516,2.92,0,0
"HOUSE_062","房地(土地+建物)","新北市中和區景平路３０５號二樓",24.19,1100910,"公寓(5樓含以下無電梯)","住家用",63.93,2,1,1,0,6000000,93853,0,0,0
"HOUSE_063","房地(土地+建物)","新北市中和區中山路二段３３２巷１７號六樓",16.44,1100912,"住宅大樓(11層含以上有電梯)","商業用",123.82,0,0,0,1,14280000,115329,18.82,0,0
"HOUSE_064","房地(土地+建物)","新北市中和區中山路二段３３２巷２５號八樓",19.47,1100911,"住宅大樓(11層含以上有電梯)","商業用",148.1,0,0,0,1,17230000,116340,4.73,0,0
"HOUSE_065","房地(土地+建物)","新北市中和區中山路二段３３２巷７７號五樓",13.94,1100911,"住宅大樓(11層含以上有電梯)","商業用",106.09,0,0,0,1,12050000,113583,18.37,0,0
"HOUSE_066","房地(土地+建物)","新北市中和區宜安路１６８巷１０號七樓",13.92,1100905,"住宅大樓(11層含以上有電梯)","住家用",98.86,2,2,1,1,18500000,187133,6.89,0,0
"HOUSE_067","房地(土地+建物)","新北市永和區永亨路１２６號二樓",31.71,1100905,"公寓(5樓含以下無電梯)","住家用",78.87,3,2,1,0,11200000,142006,0,0,0
"HOUSE_068","房地(土地+建物)","新北市永和區中正路４１２巷２０弄２２號四樓",22.75,1100909,"公寓(5樓含以下無電梯)","住家用",68.79,3,3,2,0,9200000,133740,13.93,1,0
"HOUSE_069","房地(土地+建物)","新北市永和區竹林路２１３巷３８號三樓",34.25,1100919,"公寓(5樓含以下無電梯)","住家用",108.13,3,2,1,0,13000000,120226,28.6,0,0
"HOUSE_070","房地(土地+建物)","新北市中和區莊敬路４９巷２５號四樓",33.92,1100907,"公寓(5樓含以下無電梯)","住家用",95.6,3,2,2,0,10000000,104603,0,1,0
"HOUSE_071","房地(土地+建物)","新北市中和區華順街９５號",4.75,1100923,"華廈(10層含以下有電梯)","住家用",86.2,0,0,0,1,14100000,163573,0,0,1
"HOUSE_072","房地(土地+建物)","新北市中和區中和路２９６號十三樓之一",11.81,1100902,"住宅大樓(11層含以上有電梯)","住家用",132.99,4,2,2,1,6000000,45116,11.62,0,0
"HOUSE_073","房地(土地+建物)","新北市中和區景平路９８９巷１５號",24.94,1100906,"公寓(5樓含以下無電梯)","住家用",74.17,4,2,1,0,10200000,137522,0,0,1
"HOUSE_074","房地(土地+建物)","新北市中和區中正路８３９巷２５號",10.38,1100903,"住宅大樓(11層含以上有電梯)","住商用",125.85,3,2,2,1,10280000,81685,17.29,0,1
"HOUSE_075","房地(土地+建物)","新北市永和區中山路一段１２６號六樓之三",5.02,1100923,"住宅大樓(11層含以上有電梯)","辦公用",48.94,2,2,1,1,7800000,159379,2.74,0,0
"HOUSE_076","房地(土地+建物)","新北市中和區南山路１２７巷８弄２２號三樓",26.62,1100906,"公寓(5樓含以下無電梯)","住家用",108,3,2,2,0,13050000,120833,16.16,0,0
"HOUSE_077","房地(土地+建物)","新北市中和區福祥路９號十樓之二十九",6.24,1100925,"住宅大樓(11層含以上有電梯)","住家用",67.36,1,1,1,1,10300000,152910,5.75,0,0
"HOUSE_078","房地(土地+建物)","新北市中和區圓通路１５８巷５弄７號二樓",29.48,1100901,"公寓(5樓含以下無電梯)","住家用",99.24,5,0,5,0,11000000,110842,0,0,0
"HOUSE_079","房地(土地+建物)","新北市永和區永和路一段７０號八樓",5.89,1100905,"住宅大樓(11層含以上有電梯)","住家用",73.95,2,2,1,1,11460000,154970,6.65,0,0
"HOUSE_080","房地(土地+建物)","新北市永和區成功路一段７９號三樓",38.99,1100901,"公寓(5樓含以下無電梯)","住家用",90.96,3,2,1,0,11200000,123131,0,0,0
"HOUSE_081","房地(土地+建物)","新北市中和區廣福路６９號二樓",24.8,1100904,"住宅大樓(11層含以上有電梯)","辦公用",115.1,3,2,1,1,17000000,147698,11.52,0,1
"HOUSE_082","房地(土地+建物)","新北市中和區中正路２２０號",7.32,1100909,"住宅大樓(11層含以上有電梯)","商業用",86.54,0,1,1,1,15000000,173330,6.64,0,1
"HOUSE_083","房地(土地+建物)","新北市中和區華福街２７巷８號四樓",18.27,1100906,"公寓(5樓含以下無電梯)","住家用",67.52,2,2,1,0,7200000,106635,0,1,0
"HOUSE_084","房地(土地+建物)","新北市中和區工專路１３８號六樓",14.02,1100910,"住宅大樓(11層含以上有電梯)","住家用",101.63,2,2,1,1,13200000,129883,6.38,0,0
"HOUSE_085","房地(土地+建物)","新北市中和區中正路１６９號十一樓",8.77,1100918,"住宅大樓(11層含以上有電梯)","住家用",84.96,1,1,1,1,12000000,141243,6.67,0,0
"HOUSE_086","房地(土地+建物)","新北市中和區景平路２６８號十三樓之七",3.71,1100904,"住宅大樓(11層含以上有電梯)","住家用",49.98,1,1,1,1,7850000,157063,0,0,0
"HOUSE_087","房地(土地+建物)","新北市中和區民德路１４９號三樓",23.8,1100914,"公寓(5樓含以下無電梯)","住家用",81.85,3,1,1,0,6000000,73305,0,0,0
"HOUSE_088","房地(土地+建物)","新北市中和區福祥路７０號十四樓之六",6.55,1100927,"住宅大樓(11層含以上有電梯)","住家用",57.47,1,1,1,1,9200000,160084,6.34,0,0
"HOUSE_089","房地(土地+建物)","新北市中和區中山路三段６３巷１３弄１１號五樓",26.79,1100924,"公寓(5樓含以下無電梯)","住家用",95.09,3,1,2,1,8150000,85708,8.75,0,0
"HOUSE_090","房地(土地+建物)","新北市永和區成功路二段２３３號十四樓之一",3.54,1100913,"住宅大樓(11層含以上有電梯)","住家用",68.08,1,2,1,1,12880000,189189,7.9,0,0
"HOUSE_091","房地(土地+建物)","新北市中和區景平路２６０號十樓之一",6.04,1100905,"住宅大樓(11層含以上有電梯)","住家用",81.54,2,2,1,1,12300000,150846,0,0,0
"HOUSE_092","房地(土地+建物)","新北市中和區民利街６８巷２弄１號五樓",26.1,1100910,"公寓(5樓含以下無電梯)","住家用",88.35,5,3,3,0,9200000,104131,10.99,0,0
"HOUSE_093","房地(土地+建物)","新北市永和區永亨路１１８號七樓",11.85,1100928,"華廈(10層含以下有電梯)","住家用",54.72,2,1,1,1,6060000,110746,0,0,0
"HOUSE_094","房地(土地+建物)","新北市永和區成功路一段９３巷２０弄１號四樓",29.46,1100915,"公寓(5樓含以下無電梯)","住家用",85.29,3,2,1,0,4242735,49745,0,1,0
"HOUSE_095","房地(土地+建物)","新北市永和區永平路８１巷１２號三樓之二",7.61,1100901,"華廈(10層含以下有電梯)","住家用",79.95,2,2,1,1,10100000,126329,0,0,0
"HOUSE_096","房地(土地+建物)","新北市中和區中和路２１７巷１８弄５號",34.55,1100923,"公寓(5樓含以下無電梯)","住家用",86.54,3,2,2,0,14880000,171944,0,0,1
"HOUSE_097","房地(土地+建物)","新北市永和區雙和街２０巷７號四樓",33.85,1100925,"公寓(5樓含以下無電梯)","住家用",84.03,3,2,1,0,11900000,141616,10.53,1,0
"HOUSE_098","房地(土地+建物)","新北市中和區連城路７１號十樓之七",7.27,1100907,"住宅大樓(11層含以上有電梯)","住家用",55.43,1,1,1,1,8300000,149738,0,0,0
"HOUSE_099","房地(土地+建物)","新北市永和區竹林路６６巷１０弄２號四樓",12.7,1100911,"華廈(10層含以下有電梯)","住家用",56.77,2,1,1,1,7250000,127708,0,1,0
"HOUSE_100","房地(土地+建物)","新北市永和區四維街４４號三樓",29.87,1100912,"公寓(5樓含以下無電梯)","住家用",74.7,2,1,1,0,4500000,60241,0,0,0
"HOUSE_101","房地(土地+建物)","新北市永和區仁愛路６２號二樓",17.14,1100904,"公寓(5樓含以下無電梯)","住家用",104.51,3,2,2,0,15780000,150990,0,0,0
"HOUSE_102","房地(土地+建物)","新北市中和區保健路５１號三樓",17.23,1100910,"公寓(5樓含以下無電梯)","住家用",38.4,2,1,1,0,5250000,136719,0,0,0
"HOUSE_103","房地(土地+建物)","新北市中和區新生街２８６號五樓",19.59,1100928,"公寓(5樓含以下無電梯)","住家用",73.84,2,2,1,0,7600000,102925,6.74,0,0
"HOUSE_104","房地(土地+建物)","新北市中和區捷運路５８之７號五樓",7.8,1100912,"住宅大樓(11層含以上有電梯)","住家用",42.1,1,1,1,1,8130000,193112,5.27,0,0
"HOUSE_105","房地(土地+建物)","新北市永和區竹林路１１９巷２５弄８號三樓",36.08,1100912,"華廈(10層含以下有電梯)","住家用",144.23,7,2,5,1,18700000,129654,0,0,0
"HOUSE_106","房地(土地+建物)","新北市中和區中山路二段５７７號十一樓",3.75,1100908,"住宅大樓(11層含以上有電梯)","住家用",54.23,1,1,1,1,6680000,123179,6.07,0,0
"HOUSE_107","房地(土地+建物)","新北市中和區福祥路７０號十三樓之七",5.3,1100920,"住宅大樓(11層含以上有電梯)","住家用",46.27,1,1,1,1,7900000,170737,5.13,0,0
"HOUSE_108","房地(土地+建物)","新北市中和區景平路１１９號五樓之１",10.16,1100918,"住宅大樓(11層含以上有電梯)","住家用",79.86,2,2,1,1,13850000,173428,4.05,0,0
"HOUSE_109","房地(土地+建物)","新北市中和區員山路２６６巷３１號",19.77,1101001,"公寓(5樓含以下無電梯)","住商用",92.54,5,2,2,0,15700000,169656,0,0,1
"HOUSE_110","房地(土地+建物)","新北市中和區中山路三段１１４巷２７號二樓",0.07,1101008,"華廈(10層含以下有電梯)","工業用",0.33,0,0,0,1,32000,0,0,0,0
"HOUSE_111","房地(土地+建物)","新北市永和區中和路３４５號十樓之二",8.31,1100916,"住宅大樓(11層含以上有電梯)","商業用",95.91,2,0,0,1,11680000,121781,0,0,0
"HOUSE_112","房地(土地+建物)","新北市中和區建康路１８８號二十五樓",18.68,1100902,"住宅大樓(11層含以上有電梯)","住家用",154.33,3,2,2,1,22910000,148448,10.22,0,0
"HOUSE_113","房地(土地+建物)","新北市永和區豫溪街５７巷１１弄２號二樓",33.48,1100915,"公寓(5樓含以下無電梯)","住家用",85.13,3,2,2,0,7700000,90450,0,0,0
"HOUSE_114","房地(土地+建物)","新北市永和區中正路５２７號五樓之八",7.23,1100920,"住宅大樓(11層含以上有電梯)","住家用",58.73,2,2,1,1,10480000,178444,2.2,0,0
"HOUSE_115","房地(土地+建物)","新北市中和區南山路１２７巷１８弄７之１號五樓",36.82,1100918,"公寓(5樓含以下無電梯)","住家用",119.17,4,2,2,0,13100000,109927,13.43,0,0
"HOUSE_116","房地(土地+建物)","新北市中和區興南路二段３４巷３０弄４號三樓",25.97,1100930,"公寓(5樓含以下無電梯)","住家用",88.59,3,2,2,0,8120000,91658,9.99,0,0
"HOUSE_117","房地(土地+建物)","新北市中和區中興街１６３號五樓",24.92,1100918,"公寓(5樓含以下無電梯)","住家用",92.26,3,2,1,0,9500000,102970,0,0,0
"HOUSE_118","房地(土地+建物)","新北市中和區新生街３０巷１５號四樓",29.03,1100913,"住宅大樓(11層含以上有電梯)","住家用",177.67,4,2,2,1,20000000,112568,28.95,1,0
"HOUSE_119","房地(土地+建物)","新北市永和區得和路１０４巷７號三樓",22.42,1100902,"公寓(5樓含以下無電梯)","住家用",101.57,3,2,2,0,15300000,150635,9.22,0,0
"HOUSE_120","房地(土地+建物)","新北市永和區秀朗路二段１４８巷７弄９號",29.37,1100910,"公寓(5樓含以下無電梯)","住家用",101.69,3,2,2,0,18600000,182909,0,0,1
"HOUSE_121","房地(土地+建物)","新北市中和區中山路三段１１８之３４號三樓",17.22,1100904,"華廈(10層含以下有電梯)","工業用",109.11,3,2,2,1,13000000,119146,9.96,0,0
"HOUSE_122","房地(土地+建物)","新北市中和區新生街１１４巷３號三樓",12.98,1100916,"公寓(5樓含以下無電梯)","住家用",54.92,2,1,1,0,2300000,41879,3.77,0,0
"HOUSE_123","房地(土地+建物)","新北市中和區景新街２２４之１０號三樓",20.39,1100918,"公寓(5樓含以下無電梯)","住家用",87.52,3,2,1,0,10910000,124657,12.09,0,0
"HOUSE_124","房地(土地+建物)","新北市中和區捷運路１１５號七樓",5.42,1101013,"華廈(10層含以下有電梯)","住家用",32.09,1,1,1,1,5300000,165160,7.65,0,0
"HOUSE_125","房地(土地+建物)","新北市永和區中正路２８３巷６６弄２號三樓",35.57,1100916,"公寓(5樓含以下無電梯)","住家用",91,3,2,1,0,12200000,134066,0,0,0
"HOUSE_126","房地(土地+建物)","新北市中和區中興街１３６號三樓",23.89,1100928,"住宅大樓(11層含以上有電梯)","住家用",130.76,2,2,2,1,17000000,130009,10.82,0,0
"HOUSE_127","房地(土地+建物)","新北市中和區員山路４４８之１號七樓",2.66,1100916,"住宅大樓(11層含以上有電梯)","住家用",35.98,1,1,1,1,4430000,123124,2.05,0,0
"HOUSE_128","房地(土地+建物)","新北市中和區連城路２１９巷２弄４號五樓",42.35,1100923,"公寓(5樓含以下無電梯)","住家用",110.48,4,2,2,0,12680000,114772,8.4,0,0
"HOUSE_129","房地(土地+建物)","新北市中和區興南路一段１０５巷２０弄３５號三樓",15.8,1100923,"公寓(5樓含以下無電梯)","住家用",45.7,2,2,1,0,6320000,138293,6.15,0,0
"HOUSE_130","房地(土地+建物)","新北市永和區保福路一段５８巷５號五樓",15.69,1100911,"公寓(5樓含以下無電梯)","住家用",50.06,2,1,1,0,5700000,113863,7.86,0,0
"HOUSE_131","房地(土地+建物)","新北市中和區民德路３６８號九樓",18.86,1100911,"住宅大樓(11層含以上有電梯)","住家用",117.51,3,2,2,1,15800000,134457,10.61,0,0
"HOUSE_132","房地(土地+建物)","新北市中和區國光街１０９巷２２弄３號三樓",23.5,1100905,"公寓(5樓含以下無電梯)","住家用",74.31,3,2,1,0,8700000,117077,9.49,0,0
"HOUSE_133","房地(土地+建物)","新北市中和區員山路５８１巷３１弄４５號三樓",28.5,1100914,"公寓(5樓含以下無電梯)","工商用",92.22,3,2,1,0,8200000,88918,15.36,0,0
"HOUSE_134","房地(土地+建物)","新北市中和區華順街１３８號二樓之一",24.24,1100914,"住宅大樓(11層含以上有電梯)","住家用",148.12,3,1,2,1,12000000,81015,12.42,0,0
"HOUSE_135","房地(土地+建物)","新北市中和區秀朗路三段７８巷４弄２號四樓",31.59,1100920,"公寓(5樓含以下無電梯)","住家用",114.83,3,2,3,0,10800000,94052,0,1,0
"HOUSE_136","房地(土地+建物)","新北市中和區圓通路２５２巷１８弄１號二樓",27,1100917,"公寓(5樓含以下無電梯)","住家用",85.34,3,2,1,0,9080000,106398,10.88,0,0
"HOUSE_137","房地(土地+建物)","新北市永和區竹林路６６巷２之１號六樓",7.25,1100926,"華廈(10層含以下有電梯)","住家用",44.73,1,1,1,1,7050000,157612,0,0,0
"HOUSE_138","房地(土地+建物)","新北市永和區永平路３７８號四樓",13.84,1100930,"住宅大樓(11層含以上有電梯)","住家用",152.82,3,2,2,1,25239009,165155,12.78,1,0
"HOUSE_139","房地(土地+建物)","新北市中和區保健路７巷７號二樓",30.37,1100910,"公寓(5樓含以下無電梯)","住家用",73.57,3,2,1,0,9800000,133206,15.55,0,0
"HOUSE_140","房地(土地+建物)","新北市中和區國光街１１２巷１８弄８號四樓",26.4,1100922,"公寓(5樓含以下無電梯)","住家用",89.92,3,2,2,0,10880000,120996,0,1,0
"HOUSE_141","房地(土地+建物)","新北市永和區自由街１６號",11.54,1101006,"住宅大樓(11層含以上有電梯)","商業用",120.03,0,2,1,1,21500000,179122,8.18,0,1
"HOUSE_142","房地(土地+建物)","新北市中和區自立路３５號二樓",28.29,1100914,"華廈(10層含以下有電梯)","商業用",187.34,0,1,1,1,29000000,154799,12.88,0,1
"HOUSE_143","房地(土地+建物)","新北市中和區中山路三段４６號二樓",31.12,1100917,"公寓(5樓含以下無電梯)","住家用",104.27,4,1,2,0,10300000,98782,0,0,0
"HOUSE_144","房地(土地+建物)","新北市永和區福和路７巷８之１號四樓",40.88,1100902,"公寓(5樓含以下無電梯)","住家用",105.4,3,2,1,0,12400000,117647,18.42,1,0
"HOUSE_145","房地(土地+建物)","新北市永和區雙和街３７巷１號",32.62,1100922,"公寓(5樓含以下無電梯)","住家用",80.79,3,2,2,0,20400000,252506,0,0,1
"HOUSE_146","房地(土地+建物)","新北市中和區景平路２６８號八樓之二",4.01,1100913,"住宅大樓(11層含以上有電梯)","辦公用",54.28,1,1,1,1,7980000,147015,0,0,0
"HOUSE_147","房地(土地+建物)","新北市中和區忠孝街１０１巷１１弄２４號三樓",29.24,1100906,"公寓(5樓含以下無電梯)","住家用",118.63,3,2,1,0,11600000,97783,12.89,0,0
"HOUSE_148","房地(土地+建物)","新北市永和區永平路２６號四樓之五",6.36,1101010,"華廈(10層含以下有電梯)","住商用",37.78,1,1,1,1,4850000,128375,0,1,0
"HOUSE_149","房地(土地+建物)","新北市永和區永貞路３９巷１號三樓",40.25,1100923,"公寓(5樓含以下無電梯)","住家用",101.1,3,2,2,0,13400000,132542,9.35,0,0
"HOUSE_150","房地(土地+建物)","新北市永和區文化路１１３巷２２號七樓",25.27,1100915,"華廈(10層含以下有電梯)","住家用",102.04,0,0,0,0,16000000,156801,9.88,0,0
"HOUSE_151","房地(土地+建物)","新北市中和區宜安路３２號五樓",21.53,1100918,"華廈(10層含以下有電梯)","住家用",110.96,3,2,2,1,16500000,148702,7.75,0,0
"HOUSE_152","房地(土地+建物)","新北市永和區中正路２８６巷１０號三樓",27.18,1101004,"公寓(5樓含以下無電梯)","住家用",68.26,3,2,1,0,8160000,119543,0,0,0
"HOUSE_153","房地(土地+建物)","新北市中和區景德街９５之１２號二樓",6.67,1100911,"華廈(10層含以下有電梯)","住家用",38.77,1,1,1,1,6050000,156048,2.92,0,0
"HOUSE_154","房地(土地+建物)","新北市永和區中山路一段３２６號七樓之一",4.82,1101001,"住宅大樓(11層含以上有電梯)","商業用",49.81,1,1,1,1,8200000,164626,3.45,0,0
"HOUSE_155","房地(土地+建物)","新北市永和區永平路３７６號四樓",14.38,1100930,"住宅大樓(11層含以上有電梯)","住家用",158.82,3,2,2,1,27012000,170079,11.61,1,0
"HOUSE_156","房地(土地+建物)","新北市中和區中山路二段１５０號八樓之三",8.62,1100922,"住宅大樓(11層含以上有電梯)","住家用",90.09,2,2,2,1,12000000,133200,6.25,0,0
"HOUSE_157","房地(土地+建物)","新北市永和區中正路２８３巷４４號三樓",32.38,1100925,"公寓(5樓含以下無電梯)","住家用",75.92,3,2,1,0,9350000,123156,10.1,0,0
"HOUSE_158","房地(土地+建物)","新北市中和區德光路７７巷２１號四樓",24.36,1100923,"公寓(5樓含以下無電梯)","住家用",91.83,3,2,1,0,3320000,36154,0,1,0
"HOUSE_159","房地(土地+建物)","新北市中和區中正路１１８０號十六樓之三",8.15,1100928,"住宅大樓(11層含以上有電梯)","工業用",93.26,1,2,1,1,10600000,113661,5.3,0,0
"HOUSE_160","房地(土地+建物)","新北市中和區華福街４２巷１弄８號三樓",24.09,1100909,"公寓(5樓含以下無電梯)","住家用",78.86,3,2,1,0,5000000,63403,0,0,0
"HOUSE_161","房地(土地+建物)","新北市中和區景平路４８８號九樓之九",5.05,1100924,"住宅大樓(11層含以上有電梯)","住家用",71.19,1,1,1,1,11000000,154516,0,0,0
"HOUSE_162","房地(土地+建物)","新北市中和區南山路２５８之７號九樓",14.71,1100905,"住宅大樓(11層含以上有電梯)","住家用",84.49,2,2,1,1,11620000,137531,7.92,0,0
"HOUSE_163","房地(土地+建物)","新北市永和區中正路４２８巷３０弄３９號五樓",35.9,1100916,"公寓(5樓含以下無電梯)","住家用",139.83,5,3,3,0,16000000,114425,13.44,0,0
"HOUSE_164","房地(土地+建物)","新北市永和區得和路３１９巷１３號三樓",30.93,1100919,"公寓(5樓含以下無電梯)","住家用",92.88,3,2,2,0,13880000,149440,20.1,0,0
"HOUSE_165","房地(土地+建物)","新北市永和區中山路一段４６號十二樓之二",4.52,1100914,"住宅大樓(11層含以上有電梯)","住家用",62.46,0,1,1,1,11800000,188921,2.04,0,0
"HOUSE_166","房地(土地+建物)","新北市永和區成功路二段４７巷１號五樓之二",13.65,1101002,"住宅大樓(11層含以上有電梯)","住家用",89.37,3,2,1,1,14000000,156652,8.37,0,0
"HOUSE_167","房地(土地+建物)","新北市中和區新生街２４２巷５號四樓",32.84,1100927,"公寓(5樓含以下無電梯)","住家用",105.11,4,4,4,0,12000000,114166,13.05,1,0
"HOUSE_168","房地(土地+建物)","新北市中和區和平街２巷２弄４號二樓",31.04,1100914,"公寓(5樓含以下無電梯)","住家用",91.52,3,2,1,0,4434537,48454,0,0,0
"HOUSE_169","房地(土地+建物)","新北市中和區興南路二段３４巷５７弄１２號三樓",23.64,1100929,"公寓(5樓含以下無電梯)","住家用",95.65,3,2,2,0,9300000,97229,8.47,0,0
"HOUSE_170","房地(土地+建物)","新北市中和區中正路１２１１號十樓之三",10.44,1100910,"住宅大樓(11層含以上有電梯)","商辦用",84.65,2,1,1,1,11500000,135854,9.77,0,0
"HOUSE_171","房地(土地+建物)","新北市永和區民樂街３９巷１８弄５２號三樓",25.27,1100923,"公寓(5樓含以下無電梯)","住家用",79.85,3,2,1,0,9800000,122730,0,0,0
"HOUSE_172","房地(土地+建物)","新北市中和區民德路２１號四樓",20.23,1100905,"公寓(5樓含以下無電梯)","住家用",84.08,3,2,1,0,8500000,101094,8.12,1,0
"HOUSE_173","房地(土地+建物)","新北市中和區安平路１１１號十樓",7.89,1100908,"住宅大樓(11層含以上有電梯)","住家用",79.83,3,1,1,1,13300000,166604,6.45,0,0
"HOUSE_174","房地(土地+建物)","新北市永和區自由街６４號三樓之七",3.33,1100905,"住宅大樓(11層含以上有電梯)","商業用",32.68,1,0,1,1,5280000,161567,4.53,0,0
"HOUSE_175","房地(土地+建物)","新北市中和區秀峰街１０３巷６弄７號二樓",28.75,1100913,"公寓(5樓含以下無電梯)","住家用",91.25,3,2,1,0,9700000,106301,0,0,0
"HOUSE_176","房地(土地+建物)","新北市永和區雙和街２５巷１６號二樓",28.71,1100911,"公寓(5樓含以下無電梯)","住家用",73.23,3,2,1,0,10700000,146115,13.57,0,0
"HOUSE_177","房地(土地+建物)","新北市中和區華新街３０巷１５號四樓",32.26,1100915,"公寓(5樓含以下無電梯)","住家用",107.45,6,1,6,0,11800000,109819,0,1,0
"HOUSE_178","房地(土地+建物)","新北市永和區竹林路１１９巷４弄１號三樓",34.25,1100909,"公寓(5樓含以下無電梯)","住家用",80.82,3,2,1,0,11200000,138580,13.41,0,0
"HOUSE_179","房地(土地+建物)","新北市中和區新生街１９號",16.63,1100918,"公寓(5樓含以下無電梯)","住商用",67.94,1,2,2,0,16880000,248455,0,0,1
"HOUSE_180","房地(土地+建物)","新北市中和區華安街２１巷１９號",22.14,1100911,"公寓(5樓含以下無電梯)","住家用",72.04,3,1,2,0,11500000,159634,0,0,1
"HOUSE_181","房地(土地+建物)","新北市中和區建康路２１０之１號十一樓",11.45,1100911,"住宅大樓(11層含以上有電梯)","住家用",93.87,2,2,1,1,16200000,172579,4.88,0,0
"HOUSE_182","房地(土地+建物)","新北市中和區中山路二段３１２巷１０弄８號四樓",46.4,1100928,"公寓(5樓含以下無電梯)","住家用",104,3,2,1,0,11500000,110577,0,1,0
"HOUSE_183","房地(土地+建物)","新北市中和區中正路２１號十二樓之三",2.15,1101008,"住宅大樓(11層含以上有電梯)","住家用",28.05,1,0,1,1,4300000,153298,0,0,0
"HOUSE_184","房地(土地+建物)","新北市中和區保健路４４巷３２弄２號四樓",23.16,1101005,"公寓(5樓含以下無電梯)","住家用",61.51,2,1,1,0,7200000,117054,0,1,0
"HOUSE_185","房地(土地+建物)","新北市中和區自立路１７號三樓",14.21,1100901,"住宅大樓(11層含以上有電梯)","住家用",105,3,2,2,1,16200000,154286,3.06,0,0
"HOUSE_186","房地(土地+建物)","新北市中和區自立路１９號三樓",14.76,1100901,"住宅大樓(11層含以上有電梯)","住家用",109.84,3,2,2,1,18550000,168882,3.43,0,0
"HOUSE_187","房地(土地+建物)","新北市中和區景平路４８８號十三樓之五",3.08,1100925,"住宅大樓(11層含以上有電梯)","住家用",43.23,1,1,1,1,7900000,182743,0,0,0
"HOUSE_188","房地(土地+建物)","新北市中和區中山路二段３０３號九樓",7.11,1100923,"住宅大樓(11層含以上有電梯)","商辦用",59.18,1,1,1,1,9180000,155120,5.26,0,0
"HOUSE_189","房地(土地+建物)","新北市永和區得和路１０２號十三樓之３",10.23,1100913,"住宅大樓(11層含以上有電梯)","住家用",96.01,2,2,1,1,19230000,200292,3.51,0,0
"HOUSE_190","房地(土地+建物)","新北市永和區得和路１０２號十四樓之３",10.23,1100913,"住宅大樓(11層含以上有電梯)","住家用",96.01,2,2,1,1,19330000,201333,3.51,0,0
"HOUSE_191","房地(土地+建物)","新北市中和區景平路４９３巷１２弄２１號",29.37,1100907,"公寓(5樓含以下無電梯)","住家用",86.21,3,2,2,0,10600000,122956,0,0,1
"HOUSE_192","房地(土地+建物)","新北市中和區秀朗路三段１７５巷２號二十樓之四",7.07,1101001,"住宅大樓(11層含以上有電梯)","住家用",64.93,2,1,1,1,8900000,137071,5.77,0,0
"HOUSE_193","房地(土地+建物)","新北市中和區景平路７１之６號七樓之九",3.8,1101002,"住宅大樓(11層含以上有電梯)","住家用",56.5,0,0,0,1,7300000,129204,9.94,0,0
"HOUSE_194","房地(土地+建物)","新北市中和區工專路１３７號七樓",12.67,1100914,"華廈(10層含以下有電梯)","住家用",78.12,2,2,1,1,7850000,100486,5.61,0,0
"HOUSE_195","房地(土地+建物)","新北市中和區中山路二段２９６號五樓之四",24.06,1100910,"住宅大樓(11層含以上有電梯)","住家用",170.23,3,2,2,1,23880000,140281,14.08,0,0
"HOUSE_196","房地(土地+建物)","新北市中和區圓通路２２０號三樓",13.46,1100911,"住宅大樓(11層含以上有電梯)","住家用",93.19,2,2,1,1,12700000,136281,2.94,0,0
"HOUSE_197","房地(土地+建物)","新北市中和區興南路一段１３５巷１５號三樓",31.05,1100930,"公寓(5樓含以下無電梯)","住家用",86.6,3,1,1,0,10000000,115473,0,0,0
"HOUSE_198","房地(土地+建物)","新北市永和區保平路２４４號三樓",27.37,1100930,"公寓(5樓含以下無電梯)","住家用",95.59,3,2,1,0,13100000,137044,14.52,0,0
"HOUSE_199","房地(土地+建物)","新北市中和區景平路４３１巷５８號",5.7,1101010,"住宅大樓(11層含以上有電梯)","商業用",42.72,0,1,1,1,7500000,175562,0,0,1
"HOUSE_200","房地(土地+建物)","新北市永和區永元路１７巷１弄１０號五樓",44.6,1101016,"公寓(5樓含以下無電梯)","住家用",111.92,3,2,1,0,14100000,125983,0,0,0
"HOUSE_201","房地(土地+建物)","新北市中和區新生街１１２巷２１號",31.32,1101004,"公寓(5樓含以下無電梯)","住商用",83.27,3,1,1,0,8000000,96073,0,0,1
"HOUSE_202","房地(土地+建物)","新北市中和區南山路１２２號二十二樓",13.43,1101008,"住宅大樓(11層含以上有電梯)","住家用",144.99,4,2,2,1,19100000,131733,10.94,0,0
"HOUSE_203","房地(土地+建物)","新北市中和區中正路６１２號四樓",17.06,1100926,"公寓(5樓含以下無電梯)","住家用",75.86,3,2,1,0,8100000,106776,5.8,1,0
"HOUSE_204","房地(土地+建物)","新北市永和區福和路３５３號五樓之八",4.1,1101001,"住宅大樓(11層含以上有電梯)","住商用",39.13,1,1,1,1,5900000,150779,2.78,0,0
"HOUSE_205","房地(土地+建物)","新北市永和區中正路６１４號九樓",12.53,1100916,"住宅大樓(11層含以上有電梯)","住家用",103.04,2,2,2,1,19680000,190994,6.49,0,0
"HOUSE_206","房地(土地+建物)","新北市中和區莊敬路１６巷９號三樓",29.24,1101007,"公寓(5樓含以下無電梯)","住家用",98.82,3,2,1,0,4500000,45537,16.38,0,0
"HOUSE_207","房地(土地+建物)","新北市中和區民德路２９０號四樓",34.48,1100920,"公寓(5樓含以下無電梯)","住家用",107.44,3,2,1,0,9300000,86560,0,1,0
"HOUSE_208","房地(土地+建物)","新北市中和區中和路３９０號十九樓之十一",6.25,1100921,"住宅大樓(11層含以上有電梯)","住家用",87.07,1,1,1,1,17600000,202136,4.36,0,0
"HOUSE_209","房地(土地+建物)","新北市中和區景平路１５９巷３０之１號二樓",8.76,1100908,"住宅大樓(11層含以上有電梯)","辦公用",91.52,2,2,1,1,13200000,144231,5.14,0,0
"HOUSE_210","房地(土地+建物)","新北市永和區得和路３７３巷６弄１３號三樓",25.4,1100921,"公寓(5樓含以下無電梯)","住家用",93.04,3,2,1,0,12000000,128977,0,0,0
"HOUSE_211","房地(土地+建物)","新北市中和區民治街１７巷１４號三樓",32.38,1101002,"公寓(5樓含以下無電梯)","住家用",86.46,3,1,1,0,8430000,97502,0,0,0
"HOUSE_212","房地(土地+建物)","新北市中和區景新街４６７巷３２弄１７號三樓",30.58,1100925,"公寓(5樓含以下無電梯)","住家用",120.65,4,2,2,1,14300000,118525,15.24,0,0
"HOUSE_213","房地(土地+建物)","新北市永和區民權路４９巷３０號三樓",30.31,1100926,"公寓(5樓含以下無電梯)","住家用",105.35,3,1,1,0,12880000,122259,0,0,0
"HOUSE_214","房地(土地+建物)","新北市中和區中興街２０２巷６號四樓之二",16.73,1101003,"住宅大樓(11層含以上有電梯)","住家用",93.44,3,2,1,1,13000000,139127,4.4,1,0
"HOUSE_215","房地(土地+建物)","新北市中和區南工路９４巷８號五樓",34.24,1100926,"公寓(5樓含以下無電梯)","住家用",94.15,3,2,2,0,12550000,133298,0,0,0
"HOUSE_216","房地(土地+建物)","新北市中和區廣福路３４號二樓",22.15,1100922,"公寓(5樓含以下無電梯)","住家用",84.62,3,2,1,0,9550000,112857,7.77,0,0
"HOUSE_217","房地(土地+建物)","新北市中和區中正路２１號十六樓之二",2.72,1101017,"住宅大樓(11層含以上有電梯)","住家用",35.77,1,1,1,1,6200000,173330,4.28,0,0
"HOUSE_218","房地(土地+建物)","新北市中和區景平路１５１巷３３號二樓",19.42,1100906,"華廈(10層含以下有電梯)","住家用",100.88,3,2,2,1,15000000,148692,9.44,0,0
"HOUSE_219","房地(土地+建物)","新北市中和區中山路二段３０１號九樓之二十二",4.57,1100917,"住宅大樓(11層含以上有電梯)","商辦用",37.22,1,1,1,1,6300000,169264,3.54,0,0
"HOUSE_220","房地(土地+建物)","新北市中和區興南路一段９３巷２６號",26.65,1100924,"公寓(5樓含以下無電梯)","住家用",83.6,3,2,2,0,12000000,143541,0,0,1
"HOUSE_221","房地(土地+建物)","新北市永和區秀朗路一段１９２巷６弄２２號二樓",31.75,1100920,"公寓(5樓含以下無電梯)","住家用",94.02,3,2,1,0,12080000,128483,16.27,0,0
"HOUSE_222","房地(土地+建物)","新北市中和區秀朗路三段１２８巷１弄３號三樓",35.61,1101010,"公寓(5樓含以下無電梯)","住家用",88.94,3,2,1,0,9990000,112323,18.12,0,0
"HOUSE_223","房地(土地+建物)","新北市永和區永和路一段１１２號三樓之二",3.72,1101007,"住宅大樓(11層含以上有電梯)","住家用",39.53,1,1,1,1,6550000,165697,0,0,0
"HOUSE_224","房地(土地+建物)","新北市中和區中興街１３４號五樓",28.4,1101003,"公寓(5樓含以下無電梯)","住家用",108.07,5,2,3,0,12300000,113815,9.61,0,0
"HOUSE_225","房地(土地+建物)","新北市永和區永貞路３２５號五樓",24.45,1100901,"公寓(5樓含以下無電梯)","住家用",86.49,3,2,1,0,11880000,137357,0,0,0
"HOUSE_226","房地(土地+建物)","新北市中和區福祥路６８號六樓之六",4.99,1100913,"住宅大樓(11層含以上有電梯)","住家用",44.5,1,1,1,1,6680000,150112,4.94,0,0
"HOUSE_227","房地(土地+建物)","新北市永和區雙和街７巷２２號二樓",26.86,1101001,"公寓(5樓含以下無電梯)","住家用",71.31,3,0,3,0,12000000,168279,17.26,0,0
"HOUSE_228","房地(土地+建物)","新北市中和區中正路６５９號三樓",20.37,1100909,"公寓(5樓含以下無電梯)","住家用",83.11,4,0,2,0,8150000,98063,10.05,0,0
"HOUSE_229","房地(土地+建物)","新北市永和區永和路一段１８巷８號十二樓之一",7.36,1101001,"住宅大樓(11層含以上有電梯)","住家用",101.79,2,2,2,1,16250000,159642,12.16,0,0
"HOUSE_230","房地(土地+建物)","新北市中和區中山路二段１５６號八樓",5.55,1101002,"住宅大樓(11層含以上有電梯)","住家用",53.98,1,1,1,1,9400000,174139,2.74,0,0
"HOUSE_231","房地(土地+建物)","新北市永和區民族街３７巷１弄９號五樓",27.82,1100920,"公寓(5樓含以下無電梯)","住家用",99.66,3,2,2,0,12500000,125426,0,0,0
"HOUSE_232","房地(土地+建物)","新北市永和區秀朗路一段１９５巷６號五樓",29.6,1100916,"公寓(5樓含以下無電梯)","住家用",114.33,3,2,2,0,12500000,109333,0,0,0
"HOUSE_233","房地(土地+建物)","新北市中和區景平路４３３號十六樓之一",6.44,1101003,"住宅大樓(11層含以上有電梯)","住家用",47.75,1,1,1,1,7700000,161257,3.18,0,0
"HOUSE_234","房地(土地+建物)","新北市中和區民利街１４巷２號四樓",38.73,1100925,"公寓(5樓含以下無電梯)","住家用",82.8,3,1,1,0,8200000,99034,0,1,0
"HOUSE_235","房地(土地+建物)","新北市中和區景平路７６３號七樓",2.86,1100929,"住宅大樓(11層含以上有電梯)","商業用",31.49,1,1,1,1,3880000,123214,7.06,0,0
"HOUSE_236","房地(土地+建物)","新北市中和區自立路１３７號五樓",27.09,1100911,"公寓(5樓含以下無電梯)","住家用",99.95,3,2,1,0,13160000,131666,11.31,0,0
"HOUSE_237","房地(土地+建物)","新北市中和區安平路２８號３樓",28.2,1100911,"公寓(5樓含以下無電梯)","住家用",93.19,3,2,1,0,10000000,107308,0,0,0
"HOUSE_238","房地(土地+建物)","新北市中和區中興街２０８之２號",5.96,1100929,"住宅大樓(11層含以上有電梯)","住家用",48.34,2,1,1,1,7720000,159702,5.91,0,1
"HOUSE_239","房地(土地+建物)","新北市永和區秀朗路一段１９７號二樓",16.6,1100912,"公寓(5樓含以下無電梯)","住家用",74.94,2,1,1,0,8300000,110755,0,0,0
"HOUSE_240","房地(土地+建物)","新北市中和區自立路１６巷４號二樓",28.78,1101005,"公寓(5樓含以下無電梯)","住家用",93.93,3,2,2,0,11920000,126903,13.58,0,0
"HOUSE_241","房地(土地+建物)","新北市中和區大勇街４號四樓",32,1100915,"公寓(5樓含以下無電梯)","住家用",72.57,3,1,1,0,5000000,68899,0,1,0
"HOUSE_242","房地(土地+建物)","新北市中和區中和路１６０號十一樓",8.09,1100925,"住宅大樓(11層含以上有電梯)","住家用",88.12,2,2,1,1,15720000,178393,2.72,0,0
"HOUSE_243","房地(土地+建物)","新北市中和區中興街２６６巷８號四樓",30.34,1100920,"公寓(5樓含以下無電梯)","住家用",102.82,3,2,2,0,8550000,83155,11.2,1,0
"HOUSE_244","房地(土地+建物)","新北市中和區興南路二段３４巷３８號",42.56,1100926,"公寓(5樓含以下無電梯)","住家用",149.92,3,2,2,1,15000000,100053,0,0,1
"HOUSE_245","房地(土地+建物)","新北市中和區民享街９７巷１８號三樓",38.13,1100927,"公寓(5樓含以下無電梯)","住家用",90.51,3,1,1,0,8250000,91150,0,0,0
"HOUSE_246","房地(土地+建物)","新北市永和區永利路６４號七樓",24.97,1100911,"華廈(10層含以下有電梯)","住家用",168.58,6,3,4,0,22500000,133468,22.08,0,0
"HOUSE_247","房地(土地+建物)","新北市中和區景新街４９６巷３３弄１０號",28.22,1100929,"公寓(5樓含以下無電梯)","住家用",94.96,3,2,2,0,10500000,110573,0,0,1
"HOUSE_248","房地(土地+建物)","新北市中和區中興街１０５號四樓",24.2,1100926,"公寓(5樓含以下無電梯)","住家用",74.4,2,2,1,0,7200000,96774,2.04,1,0
"HOUSE_249","房地(土地+建物)","新北市中和區保平路３２６巷９號九樓",18.79,1100907,"住宅大樓(11層含以上有電梯)","住家用",103.33,3,2,2,1,13700000,132585,3.74,0,0
"HOUSE_250","房地(土地+建物)","新北市永和區民樂街６９巷９弄６號四樓",40.52,1101012,"公寓(5樓含以下無電梯)","住家用",107.6,3,2,3,0,11160000,103717,0,1,0
"HOUSE_251","房地(土地+建物)","新北市中和區興南路二段６４號四樓",25.59,1100906,"華廈(10層含以下有電梯)","住家用",129.34,3,2,2,0,8200000,63399,16.78,1,0
"HOUSE_252","房地(土地+建物)","新北市中和區中興街１３３號三樓",23.84,1100928,"公寓(5樓含以下無電梯)","住家用",92.94,3,2,1,0,11580000,124597,0,0,0
"HOUSE_253","房地(土地+建物)","新北市中和區忠孝街１巷１２號六樓",21.68,1100929,"華廈(10層含以下有電梯)","住家用",113.43,3,2,2,0,15000000,132240,10.3,0,0
"HOUSE_254","房地(土地+建物)","新北市中和區中興街３３號",20.97,1101008,"公寓(5樓含以下無電梯)","住家用",71.43,2,1,1,0,9500000,132997,0,0,1
"HOUSE_255","房地(土地+建物)","新北市中和區圓通路１９８巷９號三樓",13.56,1100925,"公寓(5樓含以下無電梯)","住家用",57.06,2,2,1,0,5360000,93936,0,0,0
"HOUSE_256","房地(土地+建物)","新北市中和區秀朗路三段１２８巷９弄７號",47.19,1101012,"公寓(5樓含以下無電梯)","住家用",100.35,3,2,2,0,19000000,189337,0,0,1
"HOUSE_257","房地(土地+建物)","新北市中和區秀朗路三段１７５巷２號二樓之三",12.03,1100904,"住宅大樓(11層含以上有電梯)","住家用",128.51,3,2,2,1,16000000,124504,10.99,0,0
"HOUSE_258","房地(土地+建物)","新北市永和區永貞路１８３號七樓之二",5.19,1101005,"華廈(10層含以下有電梯)","住家用",42.29,1,1,1,1,7300000,172618,4.8,0,0
"HOUSE_259","房地(土地+建物)","新北市中和區景平路４９０號十四樓之十",4.77,1100925,"住宅大樓(11層含以上有電梯)","住家用",67.29,1,1,1,1,11500000,170902,0,0,0
"HOUSE_260","房地(土地+建物)","新北市中和區和平街２巷２弄１號四樓",41.8,1100919,"公寓(5樓含以下無電梯)","住家用",92.67,4,0,4,0,13200000,142441,0,1,0
"HOUSE_261","房地(土地+建物)","新北市永和區仁愛路２５６號二十五樓",10.69,1100913,"住宅大樓(11層含以上有電梯)","住家用",127.61,2,2,2,1,27900000,218635,7.16,0,0
"HOUSE_262","房地(土地+建物)","新北市永和區環河西路二段２０９巷１１號五樓之七",6.39,1100916,"住宅大樓(11層含以上有電梯)","住家用",67.76,2,2,1,1,10300000,152007,5.66,0,0
"HOUSE_263","房地(土地+建物)","新北市永和區秀朗路二段６６巷１４之１號二樓",24.88,1101003,"公寓(5樓含以下無電梯)","住家用",79.11,3,2,1,0,9600000,121350,8.9,0,0
"HOUSE_264","房地(土地+建物)","新北市中和區秀朗路三段１７５巷１６號十八樓之三",8.01,1101003,"住宅大樓(11層含以上有電梯)","住家用",72.73,2,1,1,1,9000000,123745,2.97,0,0
"HOUSE_265","房地(土地+建物)","新北市中和區景安路８２巷６弄３號五樓",45.96,1100920,"公寓(5樓含以下無電梯)","住家用",131.85,7,4,4,0,14050000,106560,12.19,0,0
"HOUSE_266","房地(土地+建物)","新北市永和區文化路１１３巷９之１號五樓",26.83,1100911,"公寓(5樓含以下無電梯)","住家用",86.44,2,2,2,0,10000000,115687,14.78,0,0
"HOUSE_267","房地(土地+建物)","新北市中和區水源路２９巷２號三樓",31.2,1101012,"公寓(5樓含以下無電梯)","住家用",92.33,3,2,1,0,13000000,140799,0,0,0
"HOUSE_268","房地(土地+建物)","新北市中和區建康路１８８號二樓",18.68,1100924,"住宅大樓(11層含以上有電梯)","住家用",154.33,3,2,2,1,24170000,156612,10.22,0,0
"HOUSE_269","房地(土地+建物)","新北市中和區大勇街２６號三樓",15.41,1100927,"公寓(5樓含以下無電梯)","住家用",52.83,3,0,3,0,7300000,138179,0,0,0
"HOUSE_270","房地(土地+建物)","新北市中和區中山路二段３３２巷５９號十樓",12.68,1100917,"住宅大樓(11層含以上有電梯)","商業用",100.37,2,2,1,1,13300000,132510,0,0,0
"HOUSE_271","房地(土地+建物)","新北市中和區水源路１３２巷７號十一樓之７",6.24,1101009,"住宅大樓(11層含以上有電梯)","住家用",52.89,1,1,1,1,10500000,198525,5.55,0,0
"HOUSE_272","房地(土地+建物)","新北市永和區竹林路１２４巷６號",33.74,1101005,"公寓(5樓含以下無電梯)","住家用",65.2,2,2,2,0,13340000,204601,0,0,1
"HOUSE_273","房地(土地+建物)","新北市中和區民享街９１之１號五樓",19.54,1101003,"公寓(5樓含以下無電梯)","住家用",88.87,3,2,2,0,9160000,103072,6.7,0,0
"HOUSE_274","房地(土地+建物)","新北市中和區莊敬路１６巷１３號三樓",34.59,1101007,"公寓(5樓含以下無電梯)","住家用",110.7,3,2,1,0,11760000,106233,17.3,0,0
"HOUSE_275","房地(土地+建物)","新北市中和區民德路６６號六樓",18.56,1100914,"住宅大樓(11層含以上有電梯)","住家用",128.24,3,2,2,1,14900000,116188,7.72,0,0
"HOUSE_276","房地(土地+建物)","新北市永和區仁愛路３５２巷１２４號四樓",13.21,1100917,"公寓(5樓含以下無電梯)","住家用",49.27,2,1,1,0,8000000,162371,3.16,1,0
"HOUSE_277","房地(土地+建物)","新北市中和區中山路三段１７０巷２弄１７號",47.99,1100928,"公寓(5樓含以下無電梯)","住家用",66,3,2,2,0,15000000,227273,0,0,1
"HOUSE_278","房地(土地+建物)","新北市永和區中正路１８９號三樓",8.45,1101018,"住宅大樓(11層含以上有電梯)","住家用",93.12,2,2,1,1,14850000,159472,8.31,0,0
"HOUSE_279","房地(土地+建物)","新北市永和區保福路二段９巷１５弄１號四樓",35.5,1101008,"公寓(5樓含以下無電梯)","住家用",130.53,4,2,2,0,7000000,53628,11.32,1,0
"HOUSE_280","房地(土地+建物)","新北市中和區景平路６４巷１４弄１８號二樓",26.6,1100927,"公寓(5樓含以下無電梯)","住家用",58.4,3,2,1,0,8180000,140068,7.3,0,0
"HOUSE_281","房地(土地+建物)","新北市永和區仁愛路３５２巷１３２弄４號二樓",19.29,1101009,"公寓(5樓含以下無電梯)","住家用",71.82,3,2,1,0,8000000,111390,10.67,0,0
"HOUSE_282","房地(土地+建物)","新北市永和區民生路２５巷２４號四樓",24.1,1101007,"公寓(5樓含以下無電梯)","住家用",83.82,3,2,1,0,11500000,137199,0,1,0
"HOUSE_283","房地(土地+建物)","新北市中和區中正路２１１巷１３弄３６號五樓",29.1,1101015,"公寓(5樓含以下無電梯)","住家用",90.36,3,2,1,0,9000000,99602,14.12,0,0
"HOUSE_284","房地(土地+建物)","新北市永和區雙和街２５巷１９號三樓",42.62,1100920,"公寓(5樓含以下無電梯)","住家用",118.24,3,2,2,0,16100000,136164,19.76,0,0
"HOUSE_285","房地(土地+建物)","新北市中和區秀朗路三段１３５巷４號五樓",27.17,1100907,"華廈(10層含以下有電梯)","住家用",140.95,3,2,2,1,18300000,129833,13.32,0,0
"HOUSE_286","房地(土地+建物)","新北市中和區捷運路８之１０號八樓",8.8,1100922,"住宅大樓(11層含以上有電梯)","辦公用",49.13,0,1,1,1,9200000,187258,4.52,0,0
"HOUSE_287","房地(土地+建物)","新北市永和區得和路２４３巷７弄１２號四樓",42,1100928,"公寓(5樓含以下無電梯)","住家用",79.84,2,2,1,0,9800000,122745,0,1,0
"HOUSE_288","房地(土地+建物)","新北市中和區仁愛街９４號",36,1100924,"公寓(5樓含以下無電梯)","住家用",59.62,2,2,2,0,14300000,239852,0,0,1
"HOUSE_289","房地(土地+建物)","新北市中和區水源路５號二樓",55.28,1101003,"公寓(5樓含以下無電梯)","住家用",133.14,4,2,2,0,15600000,117170,0,0,0
"HOUSE_290","房地(土地+建物)","新北市中和區景平路４９０號十八樓之三",3.08,1101014,"住宅大樓(11層含以上有電梯)","住家用",43.23,1,1,1,1,7600000,175804,0,0,0
"HOUSE_291","房地(土地+建物)","新北市永和區得和路１０２號十二樓之３",10.23,1100913,"住宅大樓(11層含以上有電梯)","住家用",96.01,2,2,1,1,19150000,199458,3.51,0,0
"HOUSE_292","房地(土地+建物)","新北市中和區新生街１１４巷３７弄４號",18.69,1100928,"公寓(5樓含以下無電梯)","住商用",84.41,3,2,2,0,10700000,126762,0,0,1
"HOUSE_293","房地(土地+建物)","新北市中和區景平路４３１巷１１２號二樓",13.15,1100920,"住宅大樓(11層含以上有電梯)","住家用",95.53,3,2,1,1,13300000,139223,6.57,0,0
"HOUSE_294","房地(土地+建物)","新北市中和區莊敬路４９巷２９弄６之４號三樓",25.48,1100925,"公寓(5樓含以下無電梯)","住家用",96.67,3,2,2,1,13450000,139133,9.65,0,0
"HOUSE_295","房地(土地+建物)","新北市中和區景平路４９３巷３弄１號五樓",36.58,1100925,"公寓(5樓含以下無電梯)","住家用",101.23,4,2,2,0,13350000,131878,0,0,0
"HOUSE_296","房地(土地+建物)","新北市永和區永平路３３０號四樓",6.51,1101009,"住宅大樓(11層含以上有電梯)","住家用",71.88,2,2,1,1,14050000,195465,2.92,1,0
"HOUSE_297","房地(土地+建物)","新北市中和區景新街４３７巷１３號二樓",34.22,1100915,"公寓(5樓含以下無電梯)","住家用",96.1,3,2,2,0,11380000,118418,0,0,0
"HOUSE_298","房地(土地+建物)","新北市中和區景平路６８２號",21.09,1100928,"公寓(5樓含以下無電梯)","商業用",62.1,0,2,1,0,17000000,273752,0,0,1
"HOUSE_299","房地(土地+建物)","新北市中和區泰和街３０巷４０號五樓",21.93,1101009,"公寓(5樓含以下無電梯)","住家用",75.48,3,2,1,0,8680000,114997,0,0,0
"HOUSE_300","房地(土地+建物)","新北市中和區連城路１２７巷４弄５號",19.14,1100929,"公寓(5樓含以下無電梯)","住家用",54.54,3,1,3,0,8100000,148515,0,0,1
"HOUSE_301","房地(土地+建物)","新北市中和區中和路１０２號十二樓之七",2.43,1100928,"住宅大樓(11層含以上有電梯)","商業用",41.92,1,1,1,1,4900000,116889,0,0,0
"HOUSE_302","房地(土地+建物)","新北市中和區中正路７５５號八樓之七",3.92,1101003,"住宅大樓(11層含以上有電梯)","住家用",67.97,1,2,1,1,7700000,113285,6.54,0,0
"HOUSE_303","房地(土地+建物)","新北市永和區和平街３０號",21.06,1101003,"華廈(10層含以下有電梯)","商業用",61.08,0,0,0,1,11820000,193517,1.15,0,1
"HOUSE_304","房地(土地+建物)","新北市中和區景平路７６３號十二樓之一",6.15,1100902,"住宅大樓(11層含以上有電梯)","商業用",68.96,2,1,2,1,8000000,116009,10.81,0,0
"HOUSE_305","房地(土地+建物)","新北市中和區連城路２１９巷１２弄１號五樓",31.37,1101008,"公寓(5樓含以下無電梯)","住家用",105.59,3,2,3,0,10500000,99441,17.77,0,0
"HOUSE_306","房地(土地+建物)","新北市中和區中和路１６０號三樓",8.09,1100927,"住宅大樓(11層含以上有電梯)","住家用",88.12,2,2,1,1,15200000,172492,2.72,0,0
"HOUSE_307","房地(土地+建物)","新北市永和區文化路１１３巷２２號",17.14,1100929,"華廈(10層含以下有電梯)","住家用",55.31,1,1,1,0,9000000,162719,0,0,1
"HOUSE_308","房地(土地+建物)","新北市永和區林森路９０號八樓",17.47,1101011,"住宅大樓(11層含以上有電梯)","住家用",136.38,3,2,2,0,19500000,142983,16.98,0,0
"HOUSE_309","房地(土地+建物)","新北市中和區中正路１２１１號二樓之二",10.44,1101002,"住宅大樓(11層含以上有電梯)","商辦用",84.62,2,2,1,1,11510000,136020,9.77,0,0
"HOUSE_310","房地(土地+建物)","新北市永和區林森路２９巷１２號三樓",19.67,1100924,"公寓(5樓含以下無電梯)","住家用",75.25,3,2,1,0,10200000,135548,0,0,0
"HOUSE_311","房地(土地+建物)","新北市中和區興南路二段１４２巷１６號",34.76,1100914,"公寓(5樓含以下無電梯)","住家用",92.76,1,1,1,0,12120000,130660,0,0,1
"HOUSE_312","房地(土地+建物)","新北市中和區興南路二段１４２巷１６號二樓",34.76,1100914,"公寓(5樓含以下無電梯)","住家用",92.76,3,1,1,0,8500000,91634,12.42,0,0
"HOUSE_313","房地(土地+建物)","新北市中和區景平路４８８號十六樓之二",4.21,1100926,"住宅大樓(11層含以上有電梯)","住家用",61.11,1,1,1,1,10800000,176730,0,0,0
"HOUSE_314","房地(土地+建物)","新北市中和區水源路２９巷１２號四樓",26.99,1100904,"公寓(5樓含以下無電梯)","住家用",104.41,5,0,5,0,11180000,107078,0,1,0
"HOUSE_315","房地(土地+建物)","新北市永和區永和路二段２９６號十五樓",7.92,1101017,"住宅大樓(11層含以上有電梯)","住家用",82.98,2,2,1,1,16800000,202458,3.17,0,0
"HOUSE_316","房地(土地+建物)","新北市中和區景平路１８８號十六樓",2.54,1101009,"住宅大樓(11層含以上有電梯)","住家用",44.31,0,0,0,1,6250000,141052,5.04,0,0
"HOUSE_317","房地(土地+建物)","新北市永和區民樂街５３號",26.5,1100916,"公寓(5樓含以下無電梯)","住家用",88.86,3,1,1,0,15600000,175557,0,0,1
"HOUSE_318","房地(土地+建物)","新北市中和區興南路二段８２號三樓",13.85,1101002,"公寓(5樓含以下無電梯)","住家用",60.25,2,2,1,0,6500000,107884,7.17,0,0
"HOUSE_319","房地(土地+建物)","新北市中和區華新街１４３巷９２號四樓",20.01,1101006,"公寓(5樓含以下無電梯)","住家用",93.4,3,2,2,0,7780000,83298,7.92,1,0
"HOUSE_320","房地(土地+建物)","新北市中和區永和路９０巷２弄１５號二樓",38.41,1100905,"公寓(5樓含以下無電梯)","住家用",98.3,6,0,6,0,10200000,103764,0,0,0
"HOUSE_321","房地(土地+建物)","新北市中和區中正路１６９號八樓之十",7.43,1101011,"住宅大樓(11層含以上有電梯)","住家用",72.85,1,2,1,1,11080000,152093,4,0,0
"HOUSE_322","房地(土地+建物)","新北市永和區保福路二段１５０巷３之１號四樓",29.2,1101009,"公寓(5樓含以下無電梯)","住家用",112.47,3,2,1,0,15000000,133369,0,1,0
"HOUSE_323","房地(土地+建物)","新北市永和區福和路３０９巷２０弄１３號二樓",24.24,1100911,"華廈(10層含以下有電梯)","住家用",127.26,3,2,1,0,16000000,125727,11.04,0,0
"HOUSE_324","房地(土地+建物)","新北市永和區永貞路４１１號四樓",24.21,1100928,"公寓(5樓含以下無電梯)","住家用",82.25,3,2,1,0,11800000,143465,8.3,1,0
"HOUSE_325","房地(土地+建物)","新北市中和區新生街３０巷１３號十二樓",24.45,1101008,"住宅大樓(11層含以上有電梯)","住家用",153.06,4,2,2,1,20300000,132628,19.64,0,0
"HOUSE_326","房地(土地+建物)","新北市中和區南山路２３６巷３６弄１５號",36.16,1101001,"公寓(5樓含以下無電梯)","住家用",82.95,1,2,2,0,9100000,109705,0,0,1
"HOUSE_327","房地(土地+建物)","新北市永和區智光街４７號三樓",21.38,1101003,"公寓(5樓含以下無電梯)","住家用",64.67,2,2,1,0,9000000,139168,9,0,0
"HOUSE_328","房地(土地+建物)","新北市中和區宜安路２７號四樓",32.37,1101009,"公寓(5樓含以下無電梯)","住家用",73.43,3,3,3,0,10880000,148168,0,1,0
"HOUSE_329","房地(土地+建物)","新北市中和區南山路２９之１號二樓",13.88,1101002,"住宅大樓(11層含以上有電梯)","住家用",92.63,2,2,1,1,15500000,167332,7.41,0,0
"HOUSE_330","房地(土地+建物)","新北市中和區南工路３２巷６號三樓",35.02,1101007,"公寓(5樓含以下無電梯)","住家用",103.2,3,2,1,0,13200000,127907,11.54,0,0
"HOUSE_331","房地(土地+建物)","新北市中和區中正路７５５號十八樓之三",3.92,1101006,"住宅大樓(11層含以上有電梯)","住家用",68.44,2,1,2,1,8250000,120544,6.54,0,0
"HOUSE_332","房地(土地+建物)","新北市中和區工專路１４０號五樓",8.9,1101002,"住宅大樓(11層含以上有電梯)","住家用",64.59,1,1,1,1,10000000,154823,3.01,0,0
"HOUSE_333","房地(土地+建物)","新北市中和區忠孝街１巷８１號四樓",35.52,1100914,"公寓(5樓含以下無電梯)","住家用",106.56,3,2,2,0,11500000,107920,10.37,1,0
"HOUSE_334","房地(土地+建物)","新北市中和區中山路二段３３２巷１５號四樓",17.42,1101009,"住宅大樓(11層含以上有電梯)","商業用",131.4,0,0,0,1,15160000,115373,23.98,1,0
"HOUSE_335","房地(土地+建物)","新北市中和區中山路二段３３２巷７７號四樓",13.94,1101009,"住宅大樓(11層含以上有電梯)","商業用",106.09,0,0,0,1,12080000,113866,18.37,1,0
"HOUSE_336","房地(土地+建物)","新北市中和區忠孝街１００號",31.06,1101013,"公寓(5樓含以下無電梯)","住家用",86.09,2,2,2,0,13150000,152747,0,0,1
"HOUSE_337","房地(土地+建物)","新北市中和區和平街２４巷９號",18.24,1101002,"公寓(5樓含以下無電梯)","住家用",70.35,3,2,1,0,12000000,170576,0,0,1
"HOUSE_338","房地(土地+建物)","新北市永和區中正路６０２巷１號五樓之五",4.16,1100918,"住宅大樓(11層含以上有電梯)","商業用",49.92,0,1,1,1,7600000,152244,2.7,0,0
"HOUSE_339","房地(土地+建物)","新北市永和區環河西路二段２０９巷１９號五樓",6.96,1100929,"住宅大樓(11層含以上有電梯)","住家用",73.3,2,2,1,1,10600000,144611,6.98,0,0
"HOUSE_340","房地(土地+建物)","新北市中和區景新街２７３巷４號四樓",25.82,1101007,"公寓(5樓含以下無電梯)","住家用",81.96,3,2,1,0,9750000,118960,0,1,0
"HOUSE_341","房地(土地+建物)","新北市中和區忠孝街１２６之１號十樓之三",5.27,1101004,"住宅大樓(11層含以上有電梯)","住家用",30.32,1,0,1,1,4500000,148417,4.46,0,0
"HOUSE_342","房地(土地+建物)","新北市中和區連勝街９３之２號十一樓",12,1101009,"住宅大樓(11層含以上有電梯)","住家用",82.87,2,1,1,1,14400000,173766,4.59,0,0
"HOUSE_343","房地(土地+建物)","新北市中和區忠孝街５８巷２８號四樓",50.75,1101014,"公寓(5樓含以下無電梯)","住家用",93.62,3,2,1,0,8420000,89938,0,1,0
"HOUSE_344","房地(土地+建物)","新北市永和區水源街２巷１之１號五樓",39.78,1101014,"公寓(5樓含以下無電梯)","住家用",116.09,3,1,1,0,14000000,120596,14.15,0,0
"HOUSE_345","房地(土地+建物)","新北市中和區員山路１４６巷１８號四樓",20.44,1100926,"公寓(5樓含以下無電梯)","住家用",72.74,3,2,1,0,8000000,109981,0,1,0
"HOUSE_346","房地(土地+建物)","新北市中和區中正路８２號十一樓",13.44,1100925,"住宅大樓(11層含以上有電梯)","住家用",129.66,3,2,2,1,19500000,150393,10.58,0,0
"HOUSE_347","房地(土地+建物)","新北市中和區水源路３巷３號三樓",28.52,1101001,"公寓(5樓含以下無電梯)","住家用",75.84,3,2,1,0,9000000,118671,0,0,0
"HOUSE_348","房地(土地+建物)","新北市中和區中正路２４８號四樓",20.55,1101005,"公寓(5樓含以下無電梯)","住家用",77,3,2,1,0,6390000,82987,0,1,0
"HOUSE_349","房地(土地+建物)","新北市中和區中和路１０２號七樓之十六",1.61,1101024,"住宅大樓(11層含以上有電梯)","商業用",24.43,1,1,1,1,3000000,122800,0,0,0
"HOUSE_350","房地(土地+建物)","新北市中和區景平路３０６號八樓之一",9.03,1100919,"住宅大樓(11層含以上有電梯)","住家用",81.99,3,2,1,1,14380000,175387,2.8,0,0
"HOUSE_351","房地(土地+建物)","新北市永和區水源街５８號三樓",22.55,1101004,"華廈(10層含以下有電梯)","住家用",136.7,3,2,2,1,19000000,138990,8.8,0,0
"HOUSE_352","房地(土地+建物)","新北市永和區永貞路１７２號十樓",8.4,1100905,"住宅大樓(11層含以上有電梯)","住家用",93.55,2,2,1,1,16000000,171032,3.71,0,0
"HOUSE_353","房地(土地+建物)","新北市中和區秀朗路三段１０巷３７弄４號四樓",33.51,1101012,"公寓(5樓含以下無電梯)","住家用",96.54,3,2,2,0,12000000,124301,0,1,0
"HOUSE_354","房地(土地+建物)","新北市永和區環河西路二段２４５之２號五樓",4.51,1100914,"住宅大樓(11層含以上有電梯)","住家用",73.89,2,2,1,1,11600000,156990,4.68,0,0
"HOUSE_355","房地(土地+建物)","新北市中和區景平路７９２號十一樓",10.95,1101017,"住宅大樓(11層含以上有電梯)","住家用",153.75,4,2,2,1,15800000,102764,12.71,0,0
"HOUSE_356","房地(土地+建物)","新北市中和區大仁街２０巷２５弄１６號",24.77,1101003,"公寓(5樓含以下無電梯)","住家用",72.53,3,2,1,0,12500000,172342,0,0,1
"HOUSE_357","房地(土地+建物)","新北市永和區中正路４２８巷２５弄６號",24,1101025,"華廈(10層含以下有電梯)","住家用",99.37,3,1,2,0,18300000,184160,0,0,1
"HOUSE_358","房地(土地+建物)","新北市中和區安樂路６０巷９號二樓",38.05,1101028,"公寓(5樓含以下無電梯)","住家用",117.13,4,2,2,0,12300000,105012,0,0,0
"HOUSE_359","房地(土地+建物)","新北市永和區保福路二段１５７號三樓",25.12,1101014,"華廈(10層含以下有電梯)","住家用",135.38,3,2,2,1,16580000,122470,13.19,0,0
"HOUSE_360","房地(土地+建物)","新北市中和區景平路４３３號八樓之一",6.53,1101002,"住宅大樓(11層含以上有電梯)","住家用",48.09,1,1,1,1,7000000,145560,3.3,0,0
"HOUSE_361","房地(土地+建物)","新北市中和區圓通路２９６巷３１弄１７號",28.19,1101002,"公寓(5樓含以下無電梯)","商業用",77.55,3,2,2,0,13450000,173436,0,0,1
"HOUSE_362","房地(土地+建物)","新北市中和區景新街２７３巷２號三樓",33.44,1101003,"公寓(5樓含以下無電梯)","住家用",84,3,2,1,0,10630000,126548,0,0,0
"HOUSE_363","房地(土地+建物)","新北市永和區民族街４１巷３號二樓",41.51,1101007,"公寓(5樓含以下無電梯)","住家用",111.73,4,2,1,0,13520000,121006,0,0,0
"HOUSE_364","房地(土地+建物)","新北市永和區國光路３９之１號二樓",10.22,1101012,"華廈(10層含以下有電梯)","住家用",52.16,3,2,2,1,8550000,163919,0,0,0
"HOUSE_365","房地(土地+建物)","新北市永和區中和路３０５巷２弄１０號四樓",23.4,1100927,"公寓(5樓含以下無電梯)","住家用",96.08,3,2,1,0,10000000,104080,0,1,0
"HOUSE_366","房地(土地+建物)","新北市中和區立人街３６號四樓",28.4,1100930,"公寓(5樓含以下無電梯)","住家用",92.15,3,2,2,0,10200000,110689,10.87,1,0
"HOUSE_367","房地(土地+建物)","新北市中和區中正路２７１之３號二十一樓",4.91,1101015,"住宅大樓(11層含以上有電梯)","住家用",80.7,2,1,1,1,10800000,133829,5.92,0,0
"HOUSE_368","房地(土地+建物)","新北市中和區景平路５９之１４號九樓之一",5.98,1101018,"住宅大樓(11層含以上有電梯)","住家用",87.7,3,2,2,1,13000000,148233,15.55,0,0
"HOUSE_369","房地(土地+建物)","新北市中和區景平路９８９巷２號八樓之五",9.67,1101011,"住宅大樓(11層含以上有電梯)","住家用",80.32,2,2,1,1,11300000,140687,4.63,0,0
"HOUSE_370","房地(土地+建物)","新北市永和區民有街３號五樓之二",6.97,1101013,"住宅大樓(11層含以上有電梯)","住家用",99.57,3,2,1,1,13400000,134579,5.19,0,0
"HOUSE_371","房地(土地+建物)","新北市永和區中山路一段３８號三樓之一",4.2,1101024,"住宅大樓(11層含以上有電梯)","住家用",58.22,1,1,1,1,10750000,184644,3.29,0,0
"HOUSE_372","房地(土地+建物)","新北市永和區民有街４號四樓",16.24,1100915,"公寓(5樓含以下無電梯)","住家用",69.78,2,1,1,0,7500000,107481,6.13,1,0
"HOUSE_373","房地(土地+建物)","新北市中和區中正路７８號九樓之五",7.53,1101016,"住宅大樓(11層含以上有電梯)","住家用",74.99,2,1,1,1,12800000,170689,9.23,0,0
"HOUSE_374","房地(土地+建物)","新北市永和區永平路３０２巷３２弄６號四樓",10.3,1100906,"住宅大樓(11層含以上有電梯)","住家用",84.12,1,2,1,1,16400000,194960,3.34,1,0
"HOUSE_375","房地(土地+建物)","新北市中和區景平路７１之７號十六樓之七",3.51,1101031,"住宅大樓(11層含以上有電梯)","住家用",52.57,1,1,1,1,9100000,173103,9.63,0,0
"HOUSE_376","房地(土地+建物)","新北市中和區中興街２６６巷７號二樓",34.16,1101012,"公寓(5樓含以下無電梯)","住家用",111.37,3,2,2,1,10400000,93382,12.25,0,0
"HOUSE_377","房地(土地+建物)","新北市中和區景平路７１之６號二十樓之十",6.13,1101024,"住宅大樓(11層含以上有電梯)","商業用",84.58,2,3,2,1,13660000,161504,9.94,0,0
"HOUSE_378","房地(土地+建物)","新北市中和區工專路１３６號九樓",13.68,1100915,"住宅大樓(11層含以上有電梯)","住家用",99.14,2,2,1,1,13750000,138693,6.56,0,0
"HOUSE_379","房地(土地+建物)","新北市永和區成功路一段１８巷１８號四樓",22.7,1100925,"公寓(5樓含以下無電梯)","住家用",90.89,3,2,2,0,12500000,137529,0,1,0
"HOUSE_380","房地(土地+建物)","新北市中和區秀朗路三段１２８巷１９弄４號三樓",27.8,1100927,"公寓(5樓含以下無電梯)","住家用",84.26,3,2,1,0,11500000,136482,13.79,0,0
"HOUSE_381","房地(土地+建物)","新北市永和區永元路１８巷４０弄７號二樓",25.35,1101007,"公寓(5樓含以下無電梯)","住家用",73.4,2,2,1,0,10500000,143052,15.8,0,0
"HOUSE_382","房地(土地+建物)","新北市中和區景平路６０１號六樓之五",6.71,1101013,"住宅大樓(11層含以上有電梯)","辦公用",51.1,0,0,1,1,7500000,146771,3.43,0,0
"HOUSE_383","房地(土地+建物)","新北市中和區中正路１７１號八樓之十二",7.49,1101017,"住宅大樓(11層含以上有電梯)","住家用",72.46,1,2,1,1,9980000,137731,9.89,0,0
"HOUSE_384","房地(土地+建物)","新北市中和區景平路４３１巷５０號二樓",13.79,1101020,"住宅大樓(11層含以上有電梯)","住家用",101.5,3,2,2,1,15980000,157438,8.81,0,0
"HOUSE_385","房地(土地+建物)","新北市中和區秀朗路三段１０巷１４弄６２之６號四樓",12.16,1101014,"住宅大樓(11層含以上有電梯)","住家用",72.47,2,2,1,1,10800000,149027,7.83,1,0
"HOUSE_386","房地(土地+建物)","新北市永和區永平路３３０號九樓",6.48,1101009,"住宅大樓(11層含以上有電梯)","住家用",71.6,2,2,1,1,14270000,199302,2.92,0,0
"HOUSE_387","房地(土地+建物)","新北市永和區永和路一段７０號三樓之一",5.83,1101002,"住宅大樓(11層含以上有電梯)","住家用",72.96,2,2,1,1,11000000,150768,3.44,0,0
"HOUSE_388","房地(土地+建物)","新北市中和區中和路２４１號六樓之一",7.98,1101010,"住宅大樓(11層含以上有電梯)","商業用",89.4,2,1,1,1,13100000,146532,17.04,0,0
"HOUSE_389","房地(土地+建物)","新北市永和區中正路２８６巷４號二樓",18.36,1101001,"公寓(5樓含以下無電梯)","住家用",53,2,1,1,0,6200000,116981,7.49,0,0
"HOUSE_390","房地(土地+建物)","新北市中和區中山路二段１５６號四樓",5.55,1101025,"住宅大樓(11層含以上有電梯)","住家用",53.98,1,1,1,1,9700000,179696,2.74,1,0
"HOUSE_391","房地(土地+建物)","新北市中和區保健路１０巷２１弄１９號四樓",24.32,1101003,"公寓(5樓含以下無電梯)","住家用",88.86,3,2,1,0,12880000,144947,16.15,1,0
"HOUSE_392","房地(土地+建物)","新北市永和區民族街２７巷４號三樓",25.77,1101024,"公寓(5樓含以下無電梯)","住家用",100.17,3,2,1,0,12870000,128482,0,0,0
"HOUSE_393","房地(土地+建物)","新北市永和區福和路１１６號九樓",10.39,1100924,"住宅大樓(11層含以上有電梯)","住家用",72.78,2,1,1,1,10020000,137675,0,0,0
"HOUSE_394","房地(土地+建物)","新北市永和區信義路１７巷１５號二樓",56.12,1100908,"公寓(5樓含以下無電梯)","住家用",115.2,3,2,1,0,9500000,82465,0,0,0
"HOUSE_395","房地(土地+建物)","新北市中和區華新街２８之５號二樓",18.68,1100914,"華廈(10層含以下有電梯)","住家用",142.88,3,2,2,1,17200000,120381,8.29,0,0
"HOUSE_396","房地(土地+建物)","新北市中和區新生街１８６巷１弄１３號二樓",25.82,1101009,"公寓(5樓含以下無電梯)","住家用",73.61,0,0,0,0,7900000,107322,12.77,0,0
"HOUSE_397","房地(土地+建物)","新北市中和區忠孝街１１巷４２號二樓",24.52,1101028,"公寓(5樓含以下無電梯)","住家用",77.98,3,1,2,0,8160000,104642,0,0,0
"HOUSE_398","房地(土地+建物)","新北市中和區華新街１４３巷８號四樓",33.19,1101014,"公寓(5樓含以下無電梯)","住家用",98.27,4,0,4,0,9150000,93111,10.5,1,0
"HOUSE_399","房地(土地+建物)","新北市中和區圓通路３６７巷１８之２號五樓",23.16,1101012,"公寓(5樓含以下無電梯)","住家用",103.71,5,3,3,0,10250000,98833,8.1,0,0
"HOUSE_400","房地(土地+建物)","新北市永和區中興街７１號三樓",15.65,1101018,"華廈(10層含以下有電梯)","住家用",88.71,3,2,2,1,15700000,176981,6.16,0,0
"HOUSE_401","房地(土地+建物)","新北市中和區景平路２００號十六樓之三",9.26,1101012,"住宅大樓(11層含以上有電梯)","住家用",153.21,3,2,3,1,20500000,133803,10.83,0,0
"HOUSE_402","房地(土地+建物)","新北市中和區華新街１９２巷６弄２０號四樓",28.55,1101003,"公寓(5樓含以下無電梯)","住家用",91.52,3,2,2,0,9350000,102163,9.32,1,0
"HOUSE_403","房地(土地+建物)","新北市永和區竹林路６０號二樓",18.57,1101011,"住宅大樓(11層含以上有電梯)","商業用",229.95,6,1,1,1,28300000,123070,17.37,0,0
"HOUSE_404","房地(土地+建物)","新北市永和區竹林路６０之１號二樓",17.96,1101011,"住宅大樓(11層含以上有電梯)","商業用",226.57,1,1,1,1,28300000,124906,14.79,0,0
"HOUSE_405","房地(土地+建物)","新北市永和區福和路１８８號八樓之三",6.77,1101023,"住宅大樓(11層含以上有電梯)","住家用",75.32,1,2,1,1,11380000,151089,19.63,0,0
"HOUSE_406","房地(土地+建物)","新北市中和區中山路二段３３２巷１號六樓",17.42,1101017,"住宅大樓(11層含以上有電梯)","商業用",127.08,0,0,0,1,14960000,117721,5.06,0,0
"HOUSE_407","房地(土地+建物)","新北市中和區中山路二段３３２巷１５號三樓",17.42,1101023,"住宅大樓(11層含以上有電梯)","商業用",131.4,0,0,0,1,15300000,116438,23.98,0,0
"HOUSE_408","房地(土地+建物)","新北市中和區德光路４２之１號七樓之一",15.6,1101009,"住宅大樓(11層含以上有電梯)","住家用",102.71,3,2,2,1,14300000,139227,9.93,0,0
"HOUSE_409","房地(土地+建物)","新北市中和區南山路２３６巷２２弄１０號",27.32,1100907,"公寓(5樓含以下無電梯)","住家用",74.52,3,2,2,0,13500000,181159,0,0,1
"HOUSE_410","房地(土地+建物)","新北市永和區永貞路４１７巷２號四樓",39.63,1101026,"公寓(5樓含以下無電梯)","住家用",121.48,3,2,2,0,14200000,116892,0,1,0
"HOUSE_411","房地(土地+建物)","新北市中和區華順街９５號四樓",18.95,1101005,"華廈(10層含以下有電梯)","住家用",95.05,2,1,1,1,15000000,157812,4.52,1,0
"HOUSE_412","房地(土地+建物)","新北市中和區連城路３４７巷１３號二樓",20.74,1101008,"公寓(5樓含以下無電梯)","住家用",52.62,2,2,1,0,6600000,125428,0,0,0
"HOUSE_413","房地(土地+建物)","新北市中和區景平路４８８號十三樓",4.49,1101013,"住宅大樓(11層含以上有電梯)","住家用",64.98,1,1,1,1,10200000,156971,0,0,0
"HOUSE_414","房地(土地+建物)","新北市中和區泰和街３０巷２７號四樓",22.89,1101016,"公寓(5樓含以下無電梯)","住家用",85.6,3,2,1,0,10000000,116822,0,1,0
"HOUSE_415","房地(土地+建物)","新北市中和區景平路４５３號五樓",20.21,1101021,"公寓(5樓含以下無電梯)","住家用",87.05,3,1,1,0,9300000,106835,0,0,0
"HOUSE_416","房地(土地+建物)","新北市中和區圓通路３０５巷５弄７０號三樓",29.29,1101024,"華廈(10層含以下有電梯)","住家用",143.73,5,2,3,1,15500000,107841,10.98,0,0
"HOUSE_417","房地(土地+建物)","新北市中和區民有街３９號十二樓",9.2,1101021,"住宅大樓(11層含以上有電梯)","住家用",69.48,1,1,1,1,12000000,172712,3.16,0,0
"HOUSE_418","房地(土地+建物)","新北市中和區水源路１３６巷２０號五樓",27.38,1100907,"公寓(5樓含以下無電梯)","住家用",94.59,3,2,2,0,11900000,125806,9.83,0,0
"HOUSE_419","房地(土地+建物)","新北市中和區大勇街３１巷１３弄１０號三樓",19.54,1101024,"公寓(5樓含以下無電梯)","住家用",74.21,3,1,1,0,8250000,111171,8.17,0,0
"HOUSE_420","房地(土地+建物)","新北市永和區民權路４９巷１１號四樓",34.8,1101010,"公寓(5樓含以下無電梯)","住家用",102.4,3,2,1,0,12800000,125000,21.36,1,0
"HOUSE_421","房地(土地+建物)","新北市永和區仁愛路３０６巷１５號",22.85,1100929,"住宅大樓(11層含以上有電梯)","住家用",123,3,2,2,1,19500000,158537,13.66,0,1
"HOUSE_422","房地(土地+建物)","新北市中和區工專路１２６號八樓",13.62,1101026,"住宅大樓(11層含以上有電梯)","住家用",98.77,2,2,1,1,13600000,137694,6.35,0,0
"HOUSE_423","房地(土地+建物)","新北市中和區員山路１４６之３號五樓",18.99,1101008,"公寓(5樓含以下無電梯)","住家用",76.18,2,1,1,0,8100000,106327,0,0,0
"HOUSE_424","房地(土地+建物)","新北市永和區四維街６９號二樓",29.16,1101010,"公寓(5樓含以下無電梯)","住家用",99.42,3,2,2,0,12780000,128546,9.59,0,0
"HOUSE_425","房地(土地+建物)","新北市中和區景平路２６８號十三樓之十二",3.71,1101031,"住宅大樓(11層含以上有電梯)","住家用",50.36,1,1,1,1,7600000,150913,0,0,0
"HOUSE_426","房地(土地+建物)","新北市永和區仁愛路３１巷３弄２號四樓",36.2,1101008,"公寓(5樓含以下無電梯)","住家用",89.05,4,2,2,0,12800000,143739,0,1,0
"HOUSE_427","房地(土地+建物)","新北市永和區秀朗路二段１２６巷３弄１號三樓",39.01,1101015,"公寓(5樓含以下無電梯)","住家用",82.44,3,2,1,0,9000000,109170,0,0,0
"HOUSE_428","房地(土地+建物)","新北市中和區興南路一段１４５號三樓",18,1101031,"公寓(5樓含以下無電梯)","住家用",52.08,2,2,2,0,7600000,145929,0,0,0
"HOUSE_429","房地(土地+建物)","新北市中和區興南路二段３４巷５５弄４號",24.57,1101012,"公寓(5樓含以下無電梯)","住家用",99.14,3,2,2,0,13500000,136171,0,0,1
"HOUSE_430","房地(土地+建物)","新北市永和區民享街２４巷２號",29.02,1100912,"公寓(5樓含以下無電梯)","住家用",76.16,3,2,2,0,14300000,187763,14.49,0,1
"HOUSE_431","房地(土地+建物)","新北市中和區圓通路３６９巷５３之５號三樓",39.75,1101023,"公寓(5樓含以下無電梯)","住家用",67.75,1,1,1,0,5850000,86347,5.99,0,0
"HOUSE_432","房地(土地+建物)","新北市中和區德光路７７巷２弄８號二樓",22.41,1101030,"公寓(5樓含以下無電梯)","住家用",84.86,3,2,2,0,10900000,128447,0,0,0
"HOUSE_433","房地(土地+建物)","新北市中和區大仁街２０巷３１號二樓",38.42,1101010,"公寓(5樓含以下無電梯)","住家用",98.67,3,2,1,0,11680000,118374,15.85,0,0
"HOUSE_434","房地(土地+建物)","新北市中和區景新街４９６巷８弄５號二樓",21.95,1101005,"公寓(5樓含以下無電梯)","住家用",82.81,3,2,1,0,9000000,108683,0,0,0
"HOUSE_435","房地(土地+建物)","新北市中和區臺新街３５號三樓之四",8.57,1101011,"住宅大樓(11層含以上有電梯)","住家用",44.29,1,2,1,1,7600000,171596,3.15,0,0
"HOUSE_436","房地(土地+建物)","新北市中和區南工路２巷２號四樓",28.56,1101020,"公寓(5樓含以下無電梯)","住家用",77.15,3,2,1,0,7600000,98509,0,1,0
"HOUSE_437","房地(土地+建物)","新北市中和區秀朗路三段１７７號四樓之二",10.93,1101019,"住宅大樓(11層含以上有電梯)","住家用",99.36,3,2,2,1,14080000,141707,6.51,1,0
"HOUSE_438","房地(土地+建物)","新北市中和區中山路二段３１２巷７號二樓",35.37,1101015,"公寓(5樓含以下無電梯)","住家用",68.04,4,2,4,0,9000000,132275,0,0,0
"HOUSE_439","房地(土地+建物)","新北市永和區文化路９０巷９弄２號二樓",18.56,1101015,"公寓(5樓含以下無電梯)","住家用",74.41,1,2,1,0,10520000,141379,7.09,0,0
"HOUSE_440","房地(土地+建物)","新北市永和區竹林路９１巷３７號",57.25,1101030,"公寓(5樓含以下無電梯)","住家用",87.15,2,2,1,0,14500000,166380,0,0,1
"HOUSE_441","房地(土地+建物)","新北市中和區宜安路１４０號",33.83,1101007,"華廈(10層含以下有電梯)","商業用",153,0,0,0,1,56480000,369150,0,0,1
"HOUSE_442","房地(土地+建物)","新北市中和區員山路４３１號二樓",23.2,1101022,"公寓(5樓含以下無電梯)","住家用",80.51,3,2,2,0,9000000,111787,5.54,0,0
"HOUSE_443","房地(土地+建物)","新北市永和區保生路２２巷１２號十七樓之八",6.82,1101013,"住宅大樓(11層含以上有電梯)","住家用",97.18,3,2,1,1,18750000,192941,8.22,0,0
"HOUSE_444","房地(土地+建物)","新北市永和區得和路３７３巷１６弄２號",33.06,1101022,"公寓(5樓含以下無電梯)","住家用",115.7,3,2,2,0,12500000,108038,0,0,1
"HOUSE_445","房地(土地+建物)","新北市永和區得和路３７３巷１６弄１０號五樓",27.41,1101023,"公寓(5樓含以下無電梯)","住家用",97.54,3,2,1,0,12180000,124872,0,0,0
"HOUSE_446","房地(土地+建物)","新北市中和區仁愛街６３號四樓",18.27,1101029,"公寓(5樓含以下無電梯)","住家用",50.67,2,1,1,0,3500000,69074,0,1,0
"HOUSE_447","房地(土地+建物)","新北市中和區自立路９９巷２２弄２３號四樓",32.23,1101012,"公寓(5樓含以下無電梯)","住家用",100.88,3,2,2,0,11100000,110032,10.59,1,0
"HOUSE_448","房地(土地+建物)","新北市中和區自立路２０巷６號四樓",26.84,1101002,"公寓(5樓含以下無電梯)","住家用",106.54,3,2,2,0,13160000,123522,14.92,1,0
"HOUSE_449","房地(土地+建物)","新北市中和區中安街４０巷８號",12.44,1100919,"住宅大樓(11層含以上有電梯)","商業用",83.96,0,1,1,1,21680000,258218,3.72,0,1
"HOUSE_450","房地(土地+建物)","新北市中和區大勇街３１巷２５號二樓",30.66,1101005,"公寓(5樓含以下無電梯)","住家用",67.44,3,2,1,0,8800000,130486,0,0,0
"HOUSE_451","房地(土地+建物)","新北市中和區圓通路３６９巷５弄１３號五樓",28.28,1101012,"公寓(5樓含以下無電梯)","住家用",93.98,3,2,2,0,8500000,90445,9.69,0,0
"HOUSE_452","房地(土地+建物)","新北市永和區永和路二段３２號六樓之二",23.95,1101002,"華廈(10層含以下有電梯)","住家用",149.75,6,0,6,1,23000000,153589,0,0,0
"HOUSE_453","房地(土地+建物)","新北市永和區豫溪街２８巷６號三樓",30.08,1101018,"公寓(5樓含以下無電梯)","住家用",98.48,3,2,2,0,16380000,166328,10.44,0,0
"HOUSE_454","房地(土地+建物)","新北市永和區秀朗路一段８２號四樓",16.97,1101010,"住宅大樓(11層含以上有電梯)","住家用",90.24,3,2,2,1,16700000,185062,9.65,1,0
"HOUSE_455","房地(土地+建物)","新北市中和區新生街１１４巷２５號",19.16,1101018,"公寓(5樓含以下無電梯)","住商用",84.33,3,2,2,0,9500000,112653,0,0,1
"HOUSE_456","房地(土地+建物)","新北市中和區中正路７５１巷３弄８號七樓",16.48,1101024,"住宅大樓(11層含以上有電梯)","住家用",113.68,3,2,2,1,13860000,121921,10.57,0,0
"HOUSE_457","房地(土地+建物)","新北市永和區中正路４６７號六樓之三",3.04,1101017,"住宅大樓(11層含以上有電梯)","住家用",35.7,1,1,1,1,6000000,168067,5.6,0,0
"HOUSE_458","房地(土地+建物)","新北市中和區和平街２巷２弄３號四樓",25.7,1101016,"公寓(5樓含以下無電梯)","住家用",72.4,3,2,1,0,9800000,135359,0,1,0
"HOUSE_459","房地(土地+建物)","新北市永和區民樂街７１巷１０號四樓",26.84,1101030,"公寓(5樓含以下無電梯)","住家用",77.08,3,2,1,0,9000000,116762,0,1,0
"HOUSE_460","房地(土地+建物)","新北市中和區和平街１６２號五樓",43.79,1101014,"公寓(5樓含以下無電梯)","住家用",162.12,5,1,3,1,19800000,122132,26.3,0,0
"HOUSE_461","房地(土地+建物)","新北市中和區圓通路３０５巷１６號五樓",16.65,1101026,"公寓(5樓含以下無電梯)","住家用",56.97,2,1,1,0,7920000,139021,8.2,0,0
"HOUSE_462","房地(土地+建物)","新北市中和區中山路二段２２８號十二樓之十六",8.58,1101027,"住宅大樓(11層含以上有電梯)","辦公用",77.87,1,2,1,1,13780000,176984,11.44,0,0
"HOUSE_463","房地(土地+建物)","新北市中和區忠孝街１２４巷１０號十二樓之四",16.38,1101017,"住宅大樓(11層含以上有電梯)","住家用",85.59,2,2,1,1,12500000,146045,5.73,0,0
"HOUSE_464","房地(土地+建物)","新北市永和區水源街２巷１９號四樓",21.51,1101012,"公寓(5樓含以下無電梯)","住家用",69.27,3,2,1,0,9800000,141475,0,1,0
"HOUSE_465","房地(土地+建物)","新北市中和區建康路２２６號三樓",25.5,1101027,"住宅大樓(11層含以上有電梯)","住家用",197.75,4,2,2,1,26880000,135929,20.64,0,0
"HOUSE_466","房地(土地+建物)","新北市永和區中和路４９９號八樓之十四",3.69,1101016,"住宅大樓(11層含以上有電梯)","商業用",42.52,1,1,1,1,8650000,203434,3.84,0,0
"HOUSE_467","房地(土地+建物)","新北市中和區興南路二段１４２巷１９弄５２號二樓",24.93,1101002,"公寓(5樓含以下無電梯)","住家用",79.46,3,2,2,0,5000000,62925,0,0,0
"HOUSE_468","房地(土地+建物)","新北市永和區福和路３０９巷２０弄１５號",12.43,1101021,"華廈(10層含以下有電梯)","商業用",56.79,2,1,1,0,11380000,200387,0,0,1
"HOUSE_469","房地(土地+建物)","新北市永和區仁愛路２０１號三樓",20.81,1100911,"公寓(5樓含以下無電梯)","住家用",44.65,3,1,1,0,6500000,145577,0,0,0
"HOUSE_470","房地(土地+建物)","新北市永和區民享街１４巷４號三樓",25.34,1101018,"公寓(5樓含以下無電梯)","住家用",74.49,2,2,1,0,9700000,130219,15.9,0,0
"HOUSE_471","房地(土地+建物)","新北市永和區中正路２巷３弄１４號四樓",26.98,1101005,"公寓(5樓含以下無電梯)","住家用",57.54,3,1,1,0,7500000,130344,0,1,0
"HOUSE_472","房地(土地+建物)","新北市永和區中山路一段２４５號二樓",10.17,1100919,"住宅大樓(11層含以上有電梯)","住家用",83.36,3,2,1,1,10200000,122361,12.56,0,0
"HOUSE_473","房地(土地+建物)","新北市永和區雙和街５２巷１４弄２號五樓",40.65,1101005,"公寓(5樓含以下無電梯)","住家用",128.96,3,2,2,0,16600000,128722,11.26,0,0
"HOUSE_474","房地(土地+建物)","新北市中和區廣福路８４巷１弄５號二樓",27.41,1101025,"公寓(5樓含以下無電梯)","住家用",81.74,3,2,2,0,4000000,48936,0,0,0
"HOUSE_475","房地(土地+建物)","新北市中和區民享街１１６巷１０號五樓",35.72,1101029,"公寓(5樓含以下無電梯)","住家用",114.46,5,3,3,0,11500000,100472,11.78,0,0
"HOUSE_476","房地(土地+建物)","新北市中和區大勇街３１巷２７弄３號二樓",27.07,1101031,"公寓(5樓含以下無電梯)","住家用",58.75,3,1,2,0,7600000,129362,10.75,0,0
"HOUSE_477","房地(土地+建物)","新北市永和區中山路一段４６號",3.38,1101024,"住宅大樓(11層含以上有電梯)","住家用",47.02,1,1,2,0,11600000,246704,7.12,0,1
"HOUSE_478","房地(土地+建物)","新北市中和區新生街１５６巷８號三樓",29.94,1101020,"公寓(5樓含以下無電梯)","住家用",86.26,3,2,2,0,10000000,115929,0,0,0
"HOUSE_479","房地(土地+建物)","新北市中和區建八路２０１號八樓",8.25,1101017,"住宅大樓(11層含以上有電梯)","商辦用",58.78,0,1,1,1,7150000,121640,0,0,0
"HOUSE_480","房地(土地+建物)","新北市中和區景平路４２９號三樓之三",4.42,1101024,"住宅大樓(11層含以上有電梯)","住家用",34.75,1,1,1,1,5600000,161151,3.9,0,0
"HOUSE_481","房地(土地+建物)","新北市永和區中和路４９９號四樓之五",7.75,1101014,"住宅大樓(11層含以上有電梯)","辦公用",86.16,3,2,1,1,14600000,169452,7.1,1,0
"HOUSE_482","房地(土地+建物)","新北市中和區景平路４３３號七樓之一",6.53,1101023,"住宅大樓(11層含以上有電梯)","住家用",48.09,1,1,1,1,7580000,157621,3.3,0,0
"HOUSE_483","房地(土地+建物)","新北市永和區民生路２５巷４４號",26.21,1101020,"公寓(5樓含以下無電梯)","住家用",74.7,4,0,4,0,13000000,174029,0,0,1
"HOUSE_484","房地(土地+建物)","新北市永和區仁愛路３０６巷１８弄２３號二樓",19.53,1101017,"住宅大樓(11層含以上有電梯)","住家用",111.43,3,2,2,1,19500000,174998,8.23,0,0
"HOUSE_485","房地(土地+建物)","新北市永和區永平路３５６號六樓",6.5,1101004,"住宅大樓(11層含以上有電梯)","住家用",71.75,2,2,1,1,14800000,206272,2.92,0,0
"HOUSE_486","房地(土地+建物)","新北市中和區水源路１３２巷７號九樓之８",8.78,1100918,"住宅大樓(11層含以上有電梯)","住家用",74.35,1,1,1,1,14000000,188299,3.91,0,0
"HOUSE_487","房地(土地+建物)","新北市中和區中山路二段３３２巷７１號五樓",12.77,1101031,"住宅大樓(11層含以上有電梯)","商業用",97.31,0,0,1,1,12200000,125373,4.81,0,0
"HOUSE_488","房地(土地+建物)","新北市中和區圓通路３９１之５號五樓",21.36,1101003,"公寓(5樓含以下無電梯)","住家用",87.15,3,2,1,0,8680000,99598,5.7,0,0
"HOUSE_489","房地(土地+建物)","新北市永和區福和路２７號十一樓",10.32,1101023,"住宅大樓(11層含以上有電梯)","住家用",100.55,3,2,2,1,11895000,118299,0,0,0
"HOUSE_490","房地(土地+建物)","新北市中和區景平路９８９巷３３號二樓",24.23,1101027,"公寓(5樓含以下無電梯)","住家用",77.46,3,2,1,0,8200000,105861,0,0,0
"HOUSE_491","房地(土地+建物)","新北市中和區忠孝街１９巷５號四樓",30.65,1100916,"公寓(5樓含以下無電梯)","住家用",118.57,3,2,2,0,10580000,89230,10.37,1,0
"HOUSE_492","房地(土地+建物)","新北市永和區水源街３６巷８號二樓",43.24,1101009,"公寓(5樓含以下無電梯)","住家用",84.87,3,2,1,0,13000000,153175,11.44,0,0
"HOUSE_493","房地(土地+建物)","新北市中和區員山路１４３巷３６號三樓",47,1101011,"公寓(5樓含以下無電梯)","住家用",88.06,2,2,1,0,10060000,114240,0,0,0
"HOUSE_494","房地(土地+建物)","新北市中和區大仁街２號四樓",26.89,1100918,"公寓(5樓含以下無電梯)","住家用",74.24,2,1,1,0,7000000,94289,0,1,0
"HOUSE_495","房地(土地+建物)","新北市永和區民生路５５號四樓",27.17,1101021,"公寓(5樓含以下無電梯)","住家用",88.49,4,1,2,0,11250000,127133,0,1,0
"HOUSE_496","房地(土地+建物)","新北市中和區中正路２７１之１號七樓",2.62,1101031,"住宅大樓(11層含以上有電梯)","住家用",41.8,1,1,1,1,5500000,131579,5.04,0,0
"HOUSE_497","房地(土地+建物)","新北市永和區秀朗路二段２２８號三樓",25.45,1101029,"公寓(5樓含以下無電梯)","住家用",109.34,3,2,2,0,12600000,115237,12.77,0,0
"HOUSE_498","房地(土地+建物)","新北市永和區環河東路四段１４號二十一樓",12.02,1101021,"住宅大樓(11層含以上有電梯)","住家用",142.24,3,2,2,1,23880000,167873,10.19,0,0
"HOUSE_499","房地(土地+建物)","新北市中和區中山路二段３３２巷１５號九樓",17.42,1101018,"住宅大樓(11層含以上有電梯)","商業用",131.4,3,2,2,1,16500000,125571,23.98,0,0
"HOUSE_500","房地(土地+建物)","新北市中和區景平路１５９巷７號",8.44,1101029,"華廈(10層含以下有電梯)","商業用",46.79,1,1,1,1,12200000,260739,0,0,1
"HOUSE_501","房地(土地+建物)","新北市中和區秀峰街７２巷２號二樓",26.34,1101028,"公寓(5樓含以下無電梯)","住家用",91.42,3,2,1,0,9500000,103916,9.68,0,0
"HOUSE_502","房地(土地+建物)","新北市中和區中山路三段３７巷４２號六樓",13.31,1101012,"住宅大樓(11層含以上有電梯)","辦公用",133.59,3,2,2,1,17380000,130100,13.94,0,0
"HOUSE_503","房地(土地+建物)","新北市中和區中興街２０２巷２號七樓之二",20.82,1101031,"住宅大樓(11層含以上有電梯)","住家用",112.92,3,2,2,1,14000000,123982,8.73,0,0
"HOUSE_504","房地(土地+建物)","新北市中和區員山路３２７巷３９之１號五樓",21.42,1101031,"華廈(10層含以下有電梯)","住家用",99.54,3,2,2,1,13200000,132610,8.99,0,0
"HOUSE_505","房地(土地+建物)","新北市中和區景新街３４５號六樓之五",6.92,1101017,"住宅大樓(11層含以上有電梯)","住家用",81.62,2,2,1,1,11800000,144572,4.9,0,0
"HOUSE_506","房地(土地+建物)","新北市中和區圓通路３６７巷１３弄２９之９號三樓",30.01,1101016,"公寓(5樓含以下無電梯)","住家用",100.8,3,2,1,0,9500000,94246,13.84,0,0
"HOUSE_507","房地(土地+建物)","新北市中和區中正路５３７號五樓",14.64,1100928,"住宅大樓(11層含以上有電梯)","住家用",117.07,3,2,2,1,14460000,123516,16.54,0,0
"HOUSE_508","房地(土地+建物)","新北市中和區景平路２３９巷３３弄１號四樓",36.16,1101027,"公寓(5樓含以下無電梯)","住家用",53.44,2,1,1,0,7080000,132485,0,1,0
"HOUSE_509","房地(土地+建物)","新北市永和區中正路１６５巷３號五樓",33.08,1101009,"公寓(5樓含以下無電梯)","住家用",111.24,4,3,3,0,15400000,138439,12.4,0,0
"HOUSE_510","房地(土地+建物)","新北市中和區圓通路２５２巷１４號",21.86,1101025,"公寓(5樓含以下無電梯)","住家用",80.66,3,2,2,0,13600000,168609,0,0,1
"HOUSE_511","房地(土地+建物)","新北市中和區宜安路１巷２８弄５號三樓",29.53,1100927,"公寓(5樓含以下無電梯)","住家用",70.48,3,2,1,0,11500000,163167,0,0,0
"HOUSE_512","房地(土地+建物)","新北市中和區中原二街３０號二十五樓",22.08,1100918,"住宅大樓(11層含以上有電梯)","住家用",103.03,2,2,1,1,19800000,192177,3.73,0,0
"HOUSE_513","房地(土地+建物)","新北市中和區華順街１４２號九樓之二",24.2,1100930,"住宅大樓(11層含以上有電梯)","住家用",148.99,3,2,2,1,15800000,106040,10.14,0,0
"HOUSE_514","房地(土地+建物)","新北市中和區連城路１２１號二樓",19.18,1101006,"公寓(5樓含以下無電梯)","住家用",54.69,3,1,1,0,7000000,127994,0,0,0
"HOUSE_515","房地(土地+建物)","新北市中和區中正路２１１巷３２弄２號五樓",31.68,1101028,"公寓(5樓含以下無電梯)","住家用",103.87,3,2,1,0,12580000,121113,17.2,0,0
"HOUSE_516","房地(土地+建物)","新北市中和區景新街３８３巷１２弄８號三樓",18.71,1101027,"公寓(5樓含以下無電梯)","住家用",65.72,4,0,4,0,8900000,135423,0,0,0
"HOUSE_517","房地(土地+建物)","新北市中和區景平路５９之２１號六樓之一",4.83,1101023,"住宅大樓(11層含以上有電梯)","住家用",62.53,2,2,1,1,9500000,151927,4.26,0,0
"HOUSE_518","房地(土地+建物)","新北市中和區中正路８２號十五樓之三",7.53,1101016,"住宅大樓(11層含以上有電梯)","住家用",78.01,2,2,1,1,12700000,162800,9.56,0,0
"HOUSE_519","房地(土地+建物)","新北市中和區民樂路９號八樓",3.92,1100915,"住宅大樓(11層含以上有電梯)","住家用",46.53,2,1,1,1,5608000,120498,3.72,0,0
"HOUSE_520","房地(土地+建物)","新北市中和區民利街６８巷１弄１１號三樓",25.59,1101019,"公寓(5樓含以下無電梯)","住家用",83.68,3,2,2,0,8000000,95602,8.93,0,0
"HOUSE_521","房地(土地+建物)","新北市中和區興南路二段３４巷２４弄１號",33.05,1101030,"公寓(5樓含以下無電梯)","住家用",111.3,3,2,2,0,13800000,123989,0,0,1
"HOUSE_522","房地(土地+建物)","新北市中和區連城路２６５之３號四樓",20.84,1101027,"華廈(10層含以下有電梯)","住家用",129.47,3,2,2,1,11500000,88824,12.3,1,0
"HOUSE_523","房地(土地+建物)","新北市中和區中山路二段２５５號六樓之八",16.46,1100912,"住宅大樓(11層含以上有電梯)","住家用",148.01,3,2,2,1,17600000,118911,21.2,0,0
"HOUSE_524","房地(土地+建物)","新北市中和區華新街１４３巷１０６弄２０號二樓",23.03,1101013,"住宅大樓(11層含以上有電梯)","住家用",108.1,3,2,2,1,9100000,84181,8.17,0,0
"HOUSE_525","房地(土地+建物)","新北市中和區景平路４２２巷１６號三樓",22.97,1101020,"公寓(5樓含以下無電梯)","住家用",80.7,3,2,1,0,9200000,114002,0,0,0
"HOUSE_526","房地(土地+建物)","新北市中和區自立路１７７巷７號二樓",33.92,1101019,"公寓(5樓含以下無電梯)","住家用",106.63,3,2,1,0,11770000,110382,13.99,0,0
"HOUSE_527","房地(土地+建物)","新北市中和區忠孝街１２４巷１０號二樓之一",16.38,1101022,"住宅大樓(11層含以上有電梯)","住家用",85.59,2,1,1,1,13180000,153990,5.73,0,0
"HOUSE_528","房地(土地+建物)","新北市永和區秀朗路一段８２號二樓之十二",16.2,1100921,"住宅大樓(11層含以上有電梯)","住家用",91.59,3,2,1,1,16580000,181024,7.26,0,0
"HOUSE_529","房地(土地+建物)","新北市中和區和平街７６巷４弄２號三樓",22.65,1100918,"公寓(5樓含以下無電梯)","住家用",89.58,5,1,5,0,12100000,135075,0,0,0
"HOUSE_530","房地(土地+建物)","新北市中和區連城路４６９巷５６弄１２號",26.8,1101024,"公寓(5樓含以下無電梯)","住家用",91.77,3,2,2,0,11880000,129454,0,0,1
"HOUSE_531","房地(土地+建物)","新北市中和區民享街１１７巷６號",14.67,1101027,"公寓(5樓含以下無電梯)","商業用",50.31,2,2,2,0,7500000,149076,0,0,1
"HOUSE_532","房地(土地+建物)","新北市中和區工專路１５９號八樓之一",14.64,1101028,"華廈(10層含以下有電梯)","住家用",67.53,1,1,1,1,7070000,104694,1.98,0,0
"HOUSE_533","房地(土地+建物)","新北市永和區文化路１１３巷２２號二樓",18.77,1100928,"華廈(10層含以下有電梯)","住家用",76.49,2,1,1,1,10200000,133351,7.79,0,0
"HOUSE_534","房地(土地+建物)","新北市中和區新生街１６巷２６之１號三樓",26.77,1101002,"公寓(5樓含以下無電梯)","住家用",98.99,3,2,2,0,11500000,116173,8.73,0,0
"HOUSE_535","房地(土地+建物)","新北市中和區中山路三段１９８之２號五樓",34.54,1101031,"公寓(5樓含以下無電梯)","住家用",129.8,7,3,3,0,13500000,104006,8.44,0,0
"HOUSE_536","房地(土地+建物)","新北市永和區秀朗路二段２４巷２５弄３６號四樓",23.33,1100927,"公寓(5樓含以下無電梯)","住家用",94.53,3,2,2,0,10880000,115096,0,1,0
"HOUSE_537","房地(土地+建物)","新北市中和區景新街３３８號八樓之８",9.36,1101031,"住宅大樓(11層含以上有電梯)","辦公用",102.84,0,1,2,1,11000000,106962,5.71,0,0
"HOUSE_538","房地(土地+建物)","新北市中和區景平路１１１巷４８弄１２號三樓",33.29,1101009,"公寓(5樓含以下無電梯)","住家用",80.8,3,2,1,0,10420000,128960,0,0,0
"HOUSE_539","房地(土地+建物)","新北市永和區中山路一段３８號六樓之三",4.01,1101031,"住宅大樓(11層含以上有電梯)","住家用",55.74,1,1,1,1,10200000,182992,3.78,0,0
"HOUSE_540","房地(土地+建物)","新北市永和區水源街６０號三樓",25.41,1101014,"華廈(10層含以下有電梯)","住家用",155.71,3,2,2,1,21800000,140004,10.35,0,0
"HOUSE_541","房地(土地+建物)","新北市中和區中山路二段５２６巷３１號四樓",23.95,1101031,"公寓(5樓含以下無電梯)","住家用",66,3,2,1,0,7000000,106061,0,1,0
"HOUSE_542","房地(土地+建物)","新北市中和區中和路３９０號八樓之三",6.57,1100908,"住宅大樓(11層含以上有電梯)","住家用",90.14,2,2,1,1,18250000,202463,8.41,0,0
"HOUSE_543","房地(土地+建物)","新北市中和區景安路２０９號三樓",30.35,1101015,"華廈(10層含以下有電梯)","住家用",174.24,3,2,1,0,22580000,129591,21.52,0,0
"HOUSE_544","房地(土地+建物)","新北市永和區民治街７２巷６號四樓",35.04,1101031,"公寓(5樓含以下無電梯)","住家用",91.74,4,0,4,0,10280000,112056,7.91,1,0
"HOUSE_545","房地(土地+建物)","新北市永和區秀朗路二段１０６巷１０弄３號二樓",29.43,1100907,"公寓(5樓含以下無電梯)","住家用",85.6,3,2,1,0,12100000,141355,0,0,0
"HOUSE_546","房地(土地+建物)","新北市中和區中和路２４５號四樓之一",4.68,1101031,"公寓(5樓含以下無電梯)","住家用",18.35,1,1,1,0,2850000,155313,0,1,0
"HOUSE_547","房地(土地+建物)","新北市中和區華新街１４３巷１００號二樓",12.35,1101030,"公寓(5樓含以下無電梯)","住家用",54.1,3,0,3,0,5700000,105360,4.62,0,0
"HOUSE_548","房地(土地+建物)","新北市永和區自由街６２號六樓",8.88,1101025,"住宅大樓(11層含以上有電梯)","住家用",97.99,3,2,2,1,14000000,142872,9.36,0,0
"HOUSE_549","房地(土地+建物)","新北市永和區民權路５８巷２弄７號三樓",3.8,1101023,"公寓(5樓含以下無電梯)","住家用",12.73,3,2,1,0,1386000,108877,0,0,0
"HOUSE_550","房地(土地+建物)","新北市永和區水源街４５巷１２號四樓",22.82,1101001,"華廈(10層含以下有電梯)","住家用",123.6,3,2,1,1,15300000,123786,23.23,1,0
"HOUSE_551","房地(土地+建物)","新北市永和區竹林路４２巷５號三樓",56.75,1100926,"公寓(5樓含以下無電梯)","住家用",118.95,3,2,2,0,15800000,132829,0,0,0
"HOUSE_552","房地(土地+建物)","新北市永和區仁愛路２０２巷１２號二樓",20.17,1101030,"住宅大樓(11層含以上有電梯)","住家用",148.79,3,2,2,1,23000000,154580,11.63,0,0
"HOUSE_553","房地(土地+建物)","新北市中和區國光街１０９巷２２弄６號五樓",24.42,1101031,"公寓(5樓含以下無電梯)","住家用",83.38,3,2,1,0,10000000,119933,0,0,0
"HOUSE_554","房地(土地+建物)","新北市中和區福美路３０１巷８弄１號四樓",35.35,1101031,"公寓(5樓含以下無電梯)","住家用",88.66,5,0,5,0,9650000,108843,0,1,0
"HOUSE_555","房地(土地+建物)","新北市中和區中正路８號三樓",26.6,1101026,"公寓(5樓含以下無電梯)","住家用",108.36,3,2,2,0,12700000,117202,14.6,0,0
"HOUSE_556","房地(土地+建物)","新北市永和區民樂街５９巷１５號二樓",16.34,1101026,"公寓(5樓含以下無電梯)","住家用",56.62,0,0,1,0,5660000,99965,0,0,0
"HOUSE_557","房地(土地+建物)","新北市中和區中安街１００號二樓",18.67,1101023,"住宅大樓(11層含以上有電梯)","住家用",136.94,4,2,2,1,30000000,219074,12.79,0,0
"HOUSE_558","房地(土地+建物)","新北市永和區安樂路２３０號四樓",37.41,1101020,"公寓(5樓含以下無電梯)","住家用",107.59,3,2,1,0,11200000,104099,0,1,0
"HOUSE_559","房地(土地+建物)","新北市中和區中山路三段３９號六樓之六",12.12,1101020,"住宅大樓(11層含以上有電梯)","辦公用",123.42,3,2,2,1,16000000,129639,12.68,0,0
